td,SP500
2010-01-01,0
2010-01-04,0.016043425
2010-01-05,0.003115654
2010-01-06,5.455017e-4
2010-01-07,0.0040055513
2010-01-08,0.0028773546
2010-01-11,0.0017467736999999999
2010-01-12,-0.009381175
2010-01-13,0.0083259344
2010-01-14,0.0024263859
2010-01-15,-0.010823131
2010-01-18,0
2010-01-19,0.012499571000000001
2010-01-20,-0.010597825
2010-01-21,-0.018944919
2010-01-22,-0.022140979999999998
2010-01-25,0.0045981407
2010-01-26,-0.0042032003
2010-01-27,0.0048801899999999995
2010-01-28,-0.011817753
2010-01-29,-0.009829163600000001
2010-02-01,0.014266133
2010-02-02,0.012972951
2010-02-03,-0.005474329
2010-02-04,-0.031140685
2010-02-05,0.0028971434
2010-02-08,-0.00886327
2010-02-09,0.013040185
2010-02-10,-0.0022325516
2010-02-11,0.009680390399999999
2010-02-12,-0.002744615
2010-02-15,0
2010-02-16,0.018000722
2010-02-17,0.0042380095
2010-02-18,0.0065847635
2010-02-19,0.002186656
2010-02-22,-0.00104135275
2010-02-23,-0.012107253
2010-02-24,0.0097204447
2010-02-25,-0.0020810366
2010-02-26,0.0014053583
2010-03-01,0.010158539
2010-03-02,0.0023304224
2010-03-03,4.2915344e-4
2010-03-04,0.0037361382999999996
2010-03-05,0.014007449
2010-03-08,-1.7118454000000002e-4
2010-03-09,0.0017083883
2010-03-10,0.004524588600000001
2010-03-11,0.0040415525
2010-03-12,-2.1731852999999998e-4
2010-03-15,4.5216083999999996e-4
2010-03-16,0.0077791214
2010-03-17,0.005821705
2010-03-18,-3.2585860000000004e-4
2010-03-19,-0.005086422
2010-03-22,0.0050952435
2010-03-23,0.007170915599999999
2010-03-24,-0.005493283
2010-03-25,-0.0017041564
2010-03-26,7.376671e-4
2010-03-29,0.0056831836999999994
2010-03-30,4.2676926e-5
2010-03-31,-0.003272891
2010-04-01,0.007413745
2010-04-02,0
2010-04-05,0.007928014
2010-04-06,0.0016843079999999998
2010-04-07,-0.005876719999999999
2010-04-08,0.0033743382
2010-04-09,0.0066839457
2010-04-12,0.0017665625
2010-04-13,6.854534e-4
2010-04-14,0.011150122
2010-04-15,8.4257126e-4
2010-04-16,-0.016126513
2010-04-19,0.00452137
2010-04-20,0.0080583096
2010-04-21,-0.0010190009999999998
2010-04-22,0.0022639036
2010-04-23,0.0071234703
2010-04-26,-0.004296421999999999
2010-04-27,-0.023381948
2010-04-28,0.006462693
2010-04-29,0.012943268
2010-04-30,-0.016647696
2010-05-03,0.013120532
2010-05-04,-0.023838460000000002
2010-05-05,-0.0065609810000000005
2010-05-06,-0.032378435
2010-05-07,-0.015308261
2010-05-10,0.04397416
2010-05-11,-0.003397286
2010-05-12,0.013739467
2010-05-13,-0.012145162000000001
2010-05-14,-0.01880002
2010-05-17,0.0011093616500000001
2010-05-18,-0.014195919
2010-05-19,-0.005130291
2010-05-20,-0.038975894000000004
2010-05-21,0.015024424000000002
2010-05-24,-0.012908040999999999
2010-05-25,3.5393238e-4
2010-05-26,-0.0056610110000000005
2010-05-27,0.032876134
2010-05-28,-0.012374699
2010-05-31,0
2010-06-01,-0.017165303
2010-06-02,0.025842667
2010-06-03,0.004051327699999999
2010-06-04,-0.03441596
2010-06-07,-0.013527453
2010-06-08,0.010976076
2010-06-09,-0.005941689
2010-06-10,0.029506803
2010-06-11,0.00437963
2010-06-14,-0.0018046498
2010-06-15,0.023494244
2010-06-16,-5.559325200000001e-4
2010-06-17,0.0012830495999999999
2010-06-18,0.0013171434000000001
2010-06-21,-0.0038568377
2010-06-22,-0.016070664
2010-06-23,-0.0029854774
2010-06-24,-0.016803503
2010-06-25,0.002859354
2010-06-28,-0.0020339489
2010-06-29,-0.031017005
2010-06-30,-0.010112941
2010-07-01,-0.003240466
2010-07-02,-0.0046623945
2010-07-05,0
2010-07-06,0.0053590536
2010-07-07,0.031330824
2010-07-08,0.009412646
2010-07-09,0.0072039366
2010-07-12,7.328987e-4
2010-07-13,0.015378833000000001
2010-07-14,-1.5515089e-4
2010-07-15,0.001196146
2010-07-16,-0.028819501
2010-07-19,0.005981922
2010-07-20,0.011416554
2010-07-21,-0.012819826999999999
2010-07-22,0.02251339
2010-07-23,0.0082200766
2010-07-26,0.01120019
2010-07-27,-0.0010493397999999999
2010-07-28,-0.006921947
2010-07-29,-0.004158616
2010-07-30,6.353855e-5
2010-08-02,0.022022485999999997
2010-08-03,-0.0047963262
2010-08-04,0.0060510635
2010-08-05,-0.0012597442
2010-08-06,-0.0037127733
2010-08-09,0.005483031
2010-08-10,-0.0059673786
2010-08-11,-0.028178751000000002
2010-08-12,-0.005378722999999999
2010-08-13,-0.0040235520000000006
2010-08-16,1.2040138e-4
2010-08-17,0.012192248999999999
2010-08-18,0.0014827250999999999
2010-08-19,-0.016935408
2010-08-20,-0.0036630034
2010-08-23,-0.0040403008
2010-08-24,-0.01451242
2010-08-25,0.0032893420000000002
2010-08-26,-0.007684767
2010-08-27,0.016586780000000002
2010-08-30,-0.014719188000000001
2010-08-31,3.9076805e-4
2010-09-01,0.029504657
2010-09-02,0.009080887
2010-09-03,0.013218999
2010-09-06,0
2010-09-07,-0.011471212
2010-09-08,0.006438732
2010-09-09,0.004832267800000001
2010-09-10,0.0048633814
2010-09-13,0.011130571
2010-09-14,-7.1311e-4
2010-09-15,0.0035411120000000003
2010-09-16,-3.643632e-4
2010-09-17,8.268356e-4
2010-09-20,0.015209794
2010-09-21,-0.002564013
2010-09-22,-0.0048254728
2010-09-23,-0.008331358399999999
2010-09-24,0.021194339000000003
2010-09-27,-0.005667448
2010-09-28,0.0048503876000000005
2010-09-29,-0.0025877357
2010-09-30,-0.003083706
2010-10-01,0.0044164658
2010-10-04,-0.0080349445
2010-10-05,0.020856977
2010-10-06,-6.676912000000001e-4
2010-10-07,-0.0016465187
2010-10-08,0.0061222315
2010-10-11,1.4579296000000002e-4
2010-10-12,0.0038187504
2010-10-13,0.007120967000000001
2010-10-14,-0.003641367
2010-10-15,0.0020275116000000003
2010-10-18,0.007243752500000001
2010-10-19,-0.015877247
2010-10-20,0.010524035000000001
2010-10-21,0.0017739534000000001
2010-10-22,0.0023893118
2010-10-25,0.0021469593
2010-10-26,1.6927719e-5
2010-10-27,-0.0026906133
2010-10-28,0.0011248588599999999
2010-10-29,-4.3928623e-4
2010-11-01,9.465217600000001e-4
2010-11-02,0.0077593327
2010-11-03,0.0036780834
2010-11-04,0.019282818
2010-11-05,0.003922701
2010-11-08,-0.0021209717
2010-11-09,-0.0080522895
2010-11-10,0.0043760538
2010-11-11,-0.0042421222
2010-11-12,-0.011808514999999999
2010-11-15,-0.0012174249
2010-11-16,-0.01620543
2010-11-17,2.1219254e-4
2010-11-18,0.015357256
2010-11-19,0.0025403500000000002
2010-11-22,-0.0015753508
2010-11-23,-0.014284015
2010-11-24,0.014922976
2010-11-25,0
2010-11-26,-0.007468580999999999
2010-11-29,-0.0013788342
2010-11-30,-0.006070196599999999
2010-12-01,0.021616936
2010-12-02,0.012818575
2010-12-03,0.0026032925000000003
2010-12-06,-0.0012982488
2010-12-07,5.1510334e-4
2010-12-08,0.003701806
2010-12-09,0.0038427114
2010-12-10,0.0060015916999999995
2010-12-13,4.827976e-5
2010-12-14,9.109974e-4
2010-12-15,-0.005122423
2010-12-16,0.006185055
2010-12-17,8.368491999999999e-4
2010-12-20,0.002548337
2010-12-21,0.006030083
2010-12-22,0.0033795834000000004
2010-12-23,-0.0016443132999999998
2010-12-24,0
2010-12-27,6.127357499999999e-4
2010-12-28,7.712840999999999e-4
2010-12-29,0.0010091066
2010-12-30,-0.001508236
2010-12-31,-1.9401312e-4
2011-01-03,0.011318087999999999
2011-01-04,-0.0013130903
2011-01-05,0.005007148
2011-01-06,-0.0021229386
2011-01-07,-0.0018447638
2011-01-10,-0.0013763309000000001
2011-01-11,0.0037251709999999998
2011-01-12,0.009007573
2011-01-13,-0.0017107725
2011-01-14,0.0073884726
2011-01-17,0
2011-01-18,0.0013725757999999998
2011-01-19,-0.010115683
2011-01-20,-0.0012949705
2011-01-21,0.0024135113
2011-01-24,0.005836248400000001
2011-01-25,2.6345253e-4
2011-01-26,0.0042209625
2011-01-27,0.0022443533
2011-01-28,-0.017852545
2011-01-31,0.007662535000000001
2011-02-01,0.016693592
2011-02-02,-0.0027225018000000003
2011-02-03,0.002354145
2011-02-04,0.0028842688
2011-02-07,0.0062401295
2011-02-08,0.0041847230000000004
2011-02-09,-0.0027857422999999996
2011-02-10,7.494687999999999e-4
2011-02-11,0.005507349999999999
2011-02-14,0.002384901
2011-02-15,-0.0032349230000000002
2011-02-16,0.006257415
2011-02-17,0.003075719
2011-02-18,0.0019247532
2011-02-21,0
2011-02-22,-0.020528555
2011-02-23,-0.0061119795
2011-02-24,-9.943843e-4
2011-02-25,0.010550499
2011-02-28,0.0055611134
2011-03-01,-0.015739679
2011-03-02,0.0016151667
2011-03-03,0.017218947
2011-03-04,-0.0073780420000000005
2011-03-07,-0.008341253
2011-03-08,0.008922696
2011-03-09,-0.001357913
2011-03-10,-0.018874645000000002
2011-03-11,0.007080555
2011-03-14,-0.006049335
2011-03-15,-0.011200368
2011-03-16,-0.019494951
2011-03-17,0.013398170000000001
2011-03-18,0.0043023825
2011-03-21,0.014993787000000001
2011-03-22,-0.0035505890000000003
2011-03-23,0.002913952
2011-03-24,0.009340763
2011-03-25,0.0031611919999999997
2011-03-28,-0.0027478337
2011-03-29,0.007060051
2011-03-30,0.006684661
2011-03-31,-0.001829505
2011-04-01,0.0049630404
2011-04-04,3.452301e-4
2011-04-05,-1.8006563e-4
2011-04-06,0.0021836758
2011-04-07,-0.001519978
2011-04-08,-0.0040044188
2011-04-11,-0.0027933717
2011-04-12,-0.0077766776
2011-04-13,1.9025803e-4
2011-04-14,8.368492e-5
2011-04-15,0.0039254427
2011-04-18,-0.011017859000000001
2011-04-19,0.0057312249999999995
2011-04-20,0.013514996
2011-04-21,0.0052767989999999996
2011-04-22,0
2011-04-25,-0.0015926957
2011-04-26,0.008979559
2011-04-27,0.0062499046
2011-04-28,0.003555417
2011-04-29,0.0023006201000000002
2011-05-02,-0.0017527342000000002
2011-05-03,-0.0033792853
2011-05-04,-0.006855309
2011-05-05,-0.009069859999999999
2011-05-06,0.0038199425
2011-05-09,0.004544139
2011-05-10,0.008074045
2011-05-11,-0.011111498
2011-05-12,0.0048954487
2011-05-13,-0.0080636144
2011-05-16,-0.006208122
2011-05-17,-3.6853552e-4
2011-05-18,0.0088038445
2011-05-19,0.0021779537
2011-05-20,-0.007688284
2011-05-23,-0.011925578
2011-05-24,-8.273721000000001e-4
2011-05-25,0.0031831264
2011-05-26,0.0039530992999999995
2011-05-27,0.0040808916
2011-05-30,0
2011-05-31,0.010592699
2011-06-01,-0.022784650000000004
2011-06-02,-0.00122481585
2011-06-03,-0.009733796
2011-06-06,-0.010760187999999999
2011-06-07,-9.564161e-4
2011-06-08,-0.0041868687
2011-06-09,0.0073775053
2011-06-10,-0.013979852
2011-06-13,6.687641e-4
2011-06-14,0.012611747
2011-06-15,-0.017431855
2011-06-16,0.0017542838999999998
2011-06-17,0.003044963
2011-06-20,0.005395174
2011-06-21,0.013423443
2011-06-22,-0.0064684750000000004
2011-06-23,-0.002828002
2011-06-24,-0.011725783
2011-06-27,0.00918448
2011-06-28,0.012944341
2011-06-29,0.008282780600000001
2011-06-30,0.0101192
2011-07-01,0.014409661
2011-07-04,0
2011-07-05,-0.0013361572999999998
2011-07-06,0.00100529194
2011-07-07,0.010450125
2011-07-08,-0.006961106999999999
2011-07-11,-0.018090546
2011-07-12,-0.0044335127
2011-07-13,0.0031058787999999997
2011-07-14,-0.0067161320000000005
2011-07-15,0.0055544376
2011-07-18,-0.008129895
2011-07-19,0.016308665
2011-07-20,-6.708503000000001e-4
2011-07-21,0.013546228
2011-07-22,9.078979500000001e-4
2011-07-25,-0.00564301
2011-07-26,-0.004104972
2011-07-27,-0.020308673000000003
2011-07-28,-0.0032339692
2011-07-29,-0.006450534
2011-08-01,-0.004132270800000001
2011-08-02,-0.025560558
2011-08-03,0.0050196649999999995
2011-08-04,-0.04782045
2011-08-05,-5.749464e-4
2011-08-08,-0.066634474
2011-08-09,0.047406793
2011-08-10,-0.044152380000000005
2011-08-11,0.046290040000000005
2011-08-12,0.0052616596
2011-08-15,0.021784663000000003
2011-08-16,-0.0097385645
2011-08-17,9.473562000000001e-4
2011-08-18,-0.04459369
2011-08-19,-0.015008986
2011-08-22,2.5808811e-4
2011-08-23,0.03428483
2011-08-24,0.013119936
2011-08-25,-0.015565515
2011-08-26,0.015121579000000001
2011-08-29,0.028280020000000003
2011-08-30,0.0023469925
2011-08-31,0.0049220324
2011-09-01,-0.011871457
2011-09-02,-0.025281966
2011-09-05,0
2011-09-06,-0.007436275500000001
2011-09-07,0.02864647
2011-09-08,-0.010612189999999999
2011-09-09,-0.026705503
2011-09-12,0.0069657564
2011-09-13,0.0091201067
2011-09-14,0.013479829
2011-09-15,0.017187119
2011-09-16,0.005706668000000001
2011-09-19,-0.00980258
2011-09-20,-0.0016610026
2011-09-21,-0.029390454
2011-09-22,-0.03188312
2011-09-23,0.006082058
2011-09-26,0.023336172
2011-09-27,0.010688424
2011-09-28,-0.020691156
2011-09-29,0.008114219
2011-09-30,-0.024974108
2011-10-03,-0.028451024999999998
2011-10-04,0.022488475
2011-10-05,0.017865658
2011-10-06,0.018303633
2011-10-07,-0.008163333
2011-10-10,0.034124970000000004
2011-10-11,5.43952e-4
2011-10-12,0.009794712
2011-10-13,-0.0029736757
2011-10-14,0.017380238
2011-10-17,-0.0193699
2011-10-18,0.020418763000000003
2011-10-19,-0.012649119
2011-10-20,0.0045541525
2011-10-21,0.018808722
2011-10-24,0.012872934
2011-10-25,-0.020044744
2011-10-26,0.010536551
2011-10-27,0.034291387
2011-10-28,3.8921833e-4
2011-10-31,-0.024737477
2011-11-01,-0.027942239999999997
2011-11-02,0.016104698
2011-11-03,0.018781781
2011-11-04,-0.006280005
2011-11-07,0.006295800000000001
2011-11-08,0.011735678000000001
2011-11-09,-0.036695123
2011-11-10,0.0086152554
2011-11-11,0.019489527
2011-11-14,-0.009550154
2011-11-15,0.0048171282
2011-11-16,-0.016613066
2011-11-17,-0.016803086000000002
2011-11-18,-3.9470196e-4
2011-11-21,-0.018648505
2011-11-22,-0.004140854
2011-11-23,-0.022095202999999997
2011-11-24,0
2011-11-25,-0.0026854873
2011-11-28,0.02924037
2011-11-29,0.0022135973
2011-11-30,0.04331529
2011-12-01,-0.0019086600000000002
2011-12-02,-2.4098158000000002e-4
2011-12-05,0.010287046
2011-12-06,0.0011057854
2011-12-07,0.0020183325
2011-12-08,-0.021141827000000002
2011-12-09,0.016883373
2011-12-12,-0.014914035999999999
2011-12-13,-0.008686006
2011-12-14,-0.011348367
2011-12-15,0.0032430887
2011-12-16,0.0032161474
2011-12-19,-0.011732817
2011-12-20,0.02982545
2011-12-21,0.0019495487
2011-12-22,0.0082654953
2011-12-23,0.0090351105
2011-12-26,0
2011-12-27,7.915497000000001e-5
2011-12-28,-0.012477994
2011-12-29,0.010707139999999999
2011-12-30,-0.0042913556
2012-01-02,0
2012-01-03,0.015473962
2012-01-04,1.8787384e-4
2012-01-05,0.0029437542
2012-01-06,-0.0025369525
2012-01-09,0.0022616386
2012-01-10,0.008885741
2012-01-11,3.0958652e-4
2012-01-12,0.0023366212999999998
2012-01-13,-0.0049479008
2012-01-16,0
2012-01-17,0.0035529137
2012-01-18,0.011107922
2012-01-19,0.0049386024
2012-01-20,6.694794e-4
2012-01-23,4.7135353e-4
2012-01-24,-0.0010257959
2012-01-25,0.0086791515
2012-01-26,-0.005753875
2012-01-27,-0.0015928745
2012-01-30,-0.002522111
2012-01-31,-4.569292e-4
2012-02-01,0.0088995695
2012-02-02,0.00109517574
2012-02-03,0.014605403
2012-02-06,-4.2384863000000003e-4
2012-02-07,0.0020233393
2012-02-08,0.0021601915
2012-02-09,0.0014741421
2012-02-10,-0.0068863034
2012-02-13,0.0068000555
2012-02-14,-9.39548e-4
2012-02-15,-0.005383193499999999
2012-02-16,0.011025667
2012-02-17,0.0023488998
2012-02-20,0
2012-02-21,7.199049e-4
2012-02-22,-0.0033401249999999998
2012-02-23,0.0042719839999999995
2012-02-24,0.0016722679
2012-02-27,0.0013545752
2012-02-28,0.0033563375
2012-02-29,-0.00473696
2012-03-01,0.006157994
2012-03-02,-0.003245771
2012-03-05,-0.0038697124
2012-03-06,-0.015370189999999999
2012-03-07,0.0069006679999999996
2012-03-08,0.009817958
2012-03-09,0.0036312341999999997
2012-03-12,1.604557e-4
2012-03-13,0.018131495
2012-03-14,-0.0011962652
2012-03-15,0.005967139999999999
2012-03-16,0.0011193752
2012-03-19,0.0039738416999999995
2012-03-20,-0.0030004978
2012-03-21,-0.0018711685999999999
2012-03-22,-0.007206559
2012-03-23,0.003108859
2012-03-26,0.013885856
2012-03-27,-0.0028167963
2012-03-28,-0.004941523
2012-03-29,-0.0016079545000000002
2012-03-30,0.0036984682000000004
2012-04-02,0.0075047016
2012-04-03,-0.0039886236
2012-04-04,-0.010202527
2012-04-05,-6.290674e-4
2012-04-06,0
2012-04-09,-0.011358440000000001
2012-04-10,-0.01708144
2012-04-11,0.007448911700000001
2012-04-12,0.013779402000000001
2012-04-13,-0.012475014
2012-04-16,-5.0359964e-4
2012-04-17,0.015486717
2012-04-18,-0.0040552616
2012-04-19,-0.005934417
2012-04-20,0.0011693239
2012-04-23,-0.008407593
2012-04-24,0.0036797522999999998
2012-04-25,0.013644575999999999
2012-04-26,0.006680131000000001
2012-04-27,0.0024143457
2012-04-30,-0.003883481
2012-05-01,0.0056583879999999994
2012-05-02,-0.0024966598000000003
2012-05-03,-0.007658899
2012-05-04,-0.016147196
2012-05-07,3.5059451999999995e-4
2012-05-08,-0.0042786598
2012-05-09,-0.006702244
2012-05-10,0.0025174617999999998
2012-05-11,-0.0033873320000000003
2012-05-14,-0.011112869000000001
2012-05-15,-0.005745828
2012-05-16,-0.0044038296
2012-05-17,-0.015051365
2012-05-18,-0.0073877573
2012-05-21,0.016035914
2012-05-22,4.8637390000000005e-4
2012-05-23,0.0016937256
2012-05-24,0.0013792515
2012-05-25,-0.0021647811
2012-05-28,0
2012-05-29,0.011078954
2012-05-30,-0.014334917
2012-05-31,-0.002276659
2012-06-01,-0.024642586999999997
2012-06-04,1.0955334000000001e-4
2012-06-05,0.005726814
2012-06-06,0.023049355
2012-06-07,-1.0645389999999999e-4
2012-06-08,0.008114219
2012-06-11,-0.012620091
2012-06-12,0.011650681000000001
2012-06-13,-0.007023275
2012-06-14,0.010814667
2012-06-15,0.01033783
2012-06-18,0.0014446974000000001
2012-06-19,0.009815693
2012-06-20,-0.0016863346
2012-06-21,-0.02226168
2012-06-22,0.007174611
2012-06-25,-0.015954852
2012-06-26,0.004772663
2012-06-27,0.0089849234
2012-06-28,-0.0021098256000000003
2012-06-29,0.024920225
2012-07-02,0.0024592876
2012-07-03,0.0062321424000000005
2012-07-04,0
2012-07-05,-0.0046870112000000005
2012-07-06,-0.009432673499999999
2012-07-09,-0.0016388296999999999
2012-07-10,-0.008125901
2012-07-11,-1.4901160999999999e-5
2012-07-12,-0.0049871206000000005
2012-07-13,0.016497374
2012-07-16,-0.0023143291
2012-07-17,0.007409692
2012-07-18,0.006680488599999999
2012-07-19,0.0027171372999999998
2012-07-20,-0.010061681
2012-07-23,-0.0089090466
2012-07-24,-0.009040952
2012-07-25,-3.1387806e-4
2012-07-26,0.016541003999999998
2012-07-27,0.01908052
2012-07-30,-4.8333406e-4
2012-07-31,-0.0043168068
2012-08-01,-0.00303334
2012-08-02,-0.007370889
2012-08-03,0.019040227
2012-08-06,0.0023292303
2012-08-07,0.005106807
2012-08-08,6.2084198e-4
2012-08-09,4.1365623e-4
2012-08-10,0.0021884441
2012-08-13,-0.0012518764
2012-08-14,-1.2814999e-4
2012-08-15,0.0011396408
2012-08-16,0.0071004630000000004
2012-08-17,0.0018721819
2012-08-20,-2.115965e-5
2012-08-21,-0.0034975410000000003
2012-08-22,2.2637844e-4
2012-08-23,-0.008072257000000001
2012-08-24,0.006454706
2012-08-27,-4.889965000000001e-4
2012-08-28,-8.081794e-4
2012-08-29,8.443594e-4
2012-08-30,-0.007805824
2012-08-31,0.005073309000000001
2012-09-03,0
2012-09-04,-0.00116598606
2012-09-05,-0.0010676384
2012-09-06,0.020435572
2012-09-07,0.0040500164
2012-09-10,-0.006147802
2012-09-11,0.0031349660000000003
2012-09-12,0.0020927191
2012-09-13,0.016309738
2012-09-14,0.0039589405
2012-09-17,-0.0031247140000000002
2012-09-18,-0.0012797713
2012-09-19,0.0011855364
2012-09-20,-5.4073334e-4
2012-09-21,-7.534027e-5
2012-09-24,-0.0022326708000000002
2012-09-25,-0.010501861999999999
2012-09-26,-0.0057367086
2012-09-27,0.009649038300000001
2012-09-28,-0.0044777393
2012-10-01,0.002651453
2012-10-02,8.722544e-4
2012-10-03,0.0036244391999999998
2012-10-04,0.007174492
2012-10-05,-3.2156706e-4
2012-10-08,-0.0034567118
2012-10-09,-0.009890913999999999
2012-10-10,-0.006188035
2012-10-11,1.9538403e-4
2012-10-12,-0.0029661655
2012-10-15,0.008077978999999999
2012-10-16,0.01026988
2012-10-17,0.004117012
2012-10-18,-0.0024437308
2012-10-19,-0.016571283000000003
2012-10-22,4.389286e-4
2012-10-23,-0.014443219
2012-10-24,-0.0030853748
2012-10-25,0.0029954910000000003
2012-10-26,-7.289648e-4
2012-10-29,0
2012-10-30,0
2012-10-31,1.5592575e-4
2012-11-01,0.010925889
2012-11-02,-0.0093788505
2012-11-05,0.0021637678
2012-11-06,0.0078531504
2012-11-07,-0.023705006
2012-11-08,-0.012204826
2012-11-09,0.0016987324
2012-11-12,1.2981892e-4
2012-11-13,-0.003984689699999999
2012-11-14,-0.01385206
2012-11-15,-0.0015935302000000002
2012-11-16,0.0048398972
2012-11-19,0.019862056
2012-11-20,6.633997e-4
2012-11-21,0.0023201704
2012-11-22,0
2012-11-23,0.013026356999999999
2012-11-26,-0.0020295978
2012-11-27,-0.005226612
2012-11-28,0.0078560114
2012-11-29,0.0042696
2012-11-30,1.6248226e-4
2012-12-03,-0.004745245
2012-12-04,-0.0017098188
2012-12-05,0.0015848875
2012-12-06,0.0033066273
2012-12-07,0.002920866
2012-12-10,3.385544e-4
2012-12-11,0.0065488815
2012-12-12,4.4822692999999994e-4
2012-12-13,-0.00632143
2012-12-14,-0.00413543
2012-12-17,0.011870623
2012-12-18,0.011486650000000001
2012-12-19,-0.007589221
2012-12-20,0.0054881570000000005
2012-12-21,-0.009378671600000001
2012-12-24,-0.0024402738
2012-12-25,0
2012-12-26,-0.004787445
2012-12-27,-0.00121843815
2012-12-28,-0.011049926000000002
2012-12-31,0.016941905
2013-01-01,0
2013-01-02,0.025403380000000003
2013-01-03,-0.0020856261
2013-01-04,0.0048650503
2013-01-07,-0.0031231046
2013-01-08,-0.0032423735
2013-01-09,0.0026558638
2013-01-10,0.0075974464
2013-01-11,-4.750489999999999e-5
2013-01-14,-9.306668999999999e-4
2013-01-15,0.00112867355
2013-01-16,1.9693374999999998e-4
2013-01-17,0.005642891
2013-01-18,0.003403306
2013-01-21,0
2013-01-22,0.0044281483
2013-01-23,0.0015075206999999998
2013-01-24,6.556511e-6
2013-01-25,0.0054454803
2013-01-28,-0.0018496513
2013-01-29,0.005105971999999999
2013-01-30,-0.0038996340000000003
2013-01-31,-0.0025632977
2013-02-01,0.010052681
2013-02-04,-0.011538744
2013-02-05,0.010416508
2013-02-06,5.491972e-4
2013-02-07,-0.0018054247000000002
2013-02-08,0.0056579113
2013-02-11,-6.0611963e-4
2013-02-12,0.0015952586999999998
2013-02-13,5.922317500000001e-4
2013-02-14,6.906986e-4
2013-02-15,-0.0010451078399999999
2013-02-18,0
2013-02-19,0.0073364973
2013-02-20,-0.012404143999999999
2013-02-21,-0.006303072
2013-02-22,0.0087724924
2013-02-25,-0.018309593
2013-02-26,0.006109476
2013-02-27,0.012725949
2013-02-28,-8.640885e-4
2013-03-01,0.0023238659
2013-03-04,0.004610777
2013-03-05,0.0095660686
2013-03-06,0.0010845661
2013-03-07,0.0018165111999999999
2013-03-08,0.0044811964
2013-03-11,0.0032490492
2013-03-12,-0.0024032593
2013-03-13,0.001314044
2013-03-14,0.005602956
2013-03-15,-0.0016184449
2013-03-18,-0.00551033
2013-03-19,-0.0024225116
2013-03-20,0.006697535500000001
2013-03-21,-0.008282423
2013-03-22,0.0071742535
2013-03-25,-0.0033400655000000003
2013-03-26,0.007785082
2013-03-27,-5.8835745e-4
2013-03-28,0.004056692
2013-03-29,0
2013-04-01,-0.004473567
2013-04-02,0.005172252699999999
2013-04-03,-0.010546148
2013-04-04,0.0040484667
2013-04-05,-0.0042948723
2013-04-08,0.0063027143
2013-04-09,0.0035443306000000003
2013-04-10,0.01218915
2013-04-11,0.0035521984
2013-04-12,-0.002836764
2013-04-15,-0.022966266000000003
2013-04-16,0.014307259999999999
2013-04-17,-0.014327705
2013-04-18,-0.0067009926
2013-04-19,0.008847952
2013-04-22,0.0046616793
2013-04-23,0.01041925
2013-04-24,6.3180923e-6
2013-04-25,0.0040347576
2013-04-26,-0.0018421412000000001
2013-04-29,0.007186055
2013-04-30,0.0024849176
2013-05-01,-0.0093078613
2013-05-02,0.009407997
2013-05-03,0.010534644
2013-05-06,0.0019078254999999999
2013-05-07,0.0052303076
2013-05-08,0.0041390657
2013-05-09,-0.0036870837
2013-05-10,0.0043216944
2013-05-13,4.2915344e-5
2013-05-14,0.010142207
2013-05-15,0.0051140785
2013-05-16,-0.0050097703999999995
2013-05-17,0.01030004
2013-05-20,-7.076263400000001e-4
2013-05-21,0.0017223358
2013-05-22,-0.008273661
2013-05-23,-0.0029238462
2013-05-24,-5.5134296e-4
2013-05-27,0
2013-05-28,0.006340980499999999
2013-05-29,-0.007048011
2013-05-30,0.0036703348
2013-05-31,-0.014307259999999999
2013-06-03,0.0059360266
2013-06-04,-0.0055108069999999995
2013-06-05,-0.01377976
2013-06-06,0.008490324
2013-06-07,0.012831569000000001
2013-06-10,-3.4683943e-4
2013-06-11,-0.010153353
2013-06-12,-0.008369565
2013-06-13,0.014784336
2013-06-14,-0.005885005
2013-06-17,0.007567405699999999
2013-06-18,0.0077911615
2013-06-19,-0.013851464
2013-06-20,-0.025010347
2013-06-21,0.0026698112000000003
2013-06-24,-0.012145042
2013-06-25,0.009497285
2013-06-26,0.0095905066
2013-06-27,0.006199837000000001
2013-06-28,-0.0042895675
2013-07-01,0.005403757
2013-07-02,-5.4490566e-4
2013-07-03,8.240938000000001e-4
2013-07-04,0
2013-07-05,0.010201693000000001
2013-07-08,0.005251527000000001
2013-07-09,0.007229686
2013-07-10,1.8155575e-4
2013-07-11,0.013554215000000001
2013-07-12,0.0030864477
2013-07-15,0.0013748407000000002
2013-07-16,-0.0037087798
2013-07-17,0.0027740002
2013-07-18,0.005033016
2013-07-19,0.0016100406999999999
2013-07-22,0.0020329952
2013-07-23,-0.0018519163
2013-07-24,-0.0038112402
2013-07-25,0.0025564432
2013-07-26,8.282661400000001e-4
2013-07-29,-0.0037360189999999997
2013-07-30,3.7384033e-4
2013-07-31,-1.3643503e-4
2013-08-01,0.012540579000000001
2013-08-02,0.0016404389999999998
2013-08-05,-0.0014798641
2013-08-06,-0.005723059
2013-08-07,-0.0038058757999999996
2013-08-08,0.0038855076
2013-08-09,-0.0035699606
2013-08-12,-0.00115293264
2013-08-13,0.0027760267
2013-08-14,-0.0051766040000000004
2013-08-15,-0.01428163
2013-08-16,-0.0033046007
2013-08-19,-0.005900323400000001
2013-08-20,0.0038212538
2013-08-21,-0.005779624
2013-08-22,0.0086194277
2013-08-23,0.003947019600000001
2013-08-26,-0.0040396452
2013-08-27,-0.015874207
2013-08-28,0.002747655
2013-08-29,0.001963377
2013-08-30,-0.003174305
2013-09-02,0
2013-09-03,0.004164219
2013-09-04,0.0081169605
2013-09-05,0.0012098551
2013-09-06,5.4478645e-5
2013-09-09,0.009992838
2013-09-10,0.0073457956
2013-09-11,0.0030522346000000002
2013-09-12,-0.0033804178
2013-09-13,0.002714634
2013-09-16,0.005693197
2013-09-17,0.004217744
2013-09-18,0.012177706
2013-09-19,-0.0018429756
2013-09-20,-0.007216871000000001
2013-09-23,-0.004719615
2013-09-24,-0.0025971532
2013-09-25,-0.002739489
2013-09-26,0.0034854412
2013-09-27,-0.0040737987
2013-09-30,-0.006029248
2013-10-01,0.0079985857
2013-10-02,-6.666779500000001e-4
2013-10-03,-0.00897944
2013-10-04,0.007053256
2013-10-07,-0.0085063577
2013-10-08,-0.012332082
2013-10-09,5.7387352e-4
2013-10-10,0.021830440000000003
2013-10-11,0.0062862635
2013-10-14,0.0040746927
2013-10-15,-0.0070637465
2013-10-16,0.013827562
2013-10-17,0.006743908
2013-10-18,0.006548762299999999
2013-10-21,9.179115e-5
2013-10-22,0.005737543
2013-10-23,-0.0047245622
2013-10-24,0.0032581090000000004
2013-10-25,0.004394889
2013-10-28,0.0013296604
2013-10-29,0.005584240000000001
2013-10-30,-0.0048758984
2013-10-31,-0.0038393736
2013-11-01,0.0029034615
2013-11-04,0.0035705566
2013-11-05,-0.0028055906000000004
2013-11-06,0.0042655468000000005
2013-11-07,-0.013182758999999999
2013-11-08,0.013427614999999999
2013-11-11,7.228851e-4
2013-11-12,-0.0023704170999999997
2013-11-13,0.0080953836
2013-11-14,0.0048372746
2013-11-15,0.0042220354
2013-11-18,-0.0036981702
2013-11-19,-0.0020429491999999997
2013-11-20,-0.0036355853
2013-11-21,0.008128524
2013-11-22,0.0049614906
2013-11-25,-0.0012633204
2013-11-26,1.4984608e-4
2013-11-27,0.0024850368
2013-11-28,0
2013-11-29,-7.857084e-4
2013-12-02,-0.0027190447
2013-12-03,-0.003192842
2013-12-04,-0.001303494
2013-12-05,-0.0043395758
2013-12-06,0.011237859999999999
2013-12-09,0.0018171072
2013-12-10,-0.0031796693999999997
2013-12-11,-0.011316895
2013-12-12,-0.0037705898
2013-12-13,-1.013875e-4
2013-12-16,0.0063199996999999996
2013-12-17,-0.0031009912
2013-12-18,0.016647935
2013-12-19,-5.799532e-4
2013-12-20,0.004818678
2013-12-23,0.0053181650000000006
2013-12-24,0.00291574
2013-12-25,0
2013-12-26,0.0047454834
2013-12-27,-3.3658742999999997e-4
2013-12-30,-1.7923117e-4
2013-12-31,0.0039596558
2014-01-01,0
2014-01-02,-0.0088618994
2014-01-03,-3.3295155e-4
2014-01-06,-0.0025117397
2014-01-07,0.006081819499999999
2014-01-08,-2.1219254e-4
2014-01-09,3.4832954e-4
2014-01-10,0.0023066998
2014-01-13,-0.012576222
2014-01-14,0.010818004999999999
2014-01-15,0.005166173
2014-01-16,-0.0013471246
2014-01-17,-0.0038951635000000003
2014-01-20,0
2014-01-21,0.0027737617
2014-01-22,5.748272e-4
2014-01-23,-0.008889556
2014-01-24,-0.020875454
2014-01-27,-0.0048763156
2014-01-28,0.006140708999999999
2014-01-29,-0.010209203
2014-01-30,0.011267066
2014-01-31,-0.006465316
2014-02-03,-0.022831917
2014-02-04,0.007641077
2014-02-05,-0.0020282269
2014-02-06,0.012439846999999999
2014-02-07,0.013301849
2014-02-10,0.0015692711000000002
2014-02-11,0.011062145
2014-02-12,-2.6923418e-4
2014-02-13,0.0058100224
2014-02-14,0.0048092604
2014-02-17,0
2014-02-18,0.0011584759
2014-02-19,-0.006524503
2014-02-20,0.006031513
2014-02-21,-0.0019187331
2014-02-24,0.006186485
2014-02-25,-0.001347661
2014-02-26,2.169609e-5
2014-02-27,0.0049481392
2014-02-28,0.0027827024
2014-03-03,-0.0073785186
2014-03-04,0.01526773
2014-03-05,-5.3346156999999997e-5
2014-03-06,0.0017184019000000001
2014-03-07,5.3811073e-4
2014-03-10,-4.632473e-4
2014-03-11,-0.0050821304
2014-03-12,3.0517578e-4
2014-03-13,-0.011701106999999999
2014-03-14,-0.002821803
2014-03-17,0.009613633
2014-03-18,0.007219672
2014-03-19,-0.006131649
2014-03-20,0.006040454
2014-03-21,-0.0029326677
2014-03-24,-0.0048646927
2014-03-25,0.0044039488
2014-03-26,-0.007000327
2014-03-27,-0.0019000769
2014-03-28,0.0046402216
2014-03-31,0.00792408
2014-04-01,0.0070393085
2014-04-02,0.0028532743
2014-04-03,-0.0011264682
2014-04-04,-0.0125373
2014-04-07,-0.010750115
2014-04-08,0.0037505627
2014-04-09,0.010918259999999999
2014-04-10,-0.020884812
2014-04-11,-0.0094867945
2014-04-14,0.008217335
2014-04-15,0.0067572594
2014-04-16,0.01048851
2014-04-17,0.0013638735
2014-04-18,0
2014-04-21,0.0037751198000000002
2014-04-22,0.0040920973
2014-04-23,-0.0022132993000000003
2014-04-24,0.0017169714
2014-04-25,-0.008096397
2014-04-28,0.0032360554000000004
2014-04-29,0.0047607422
2014-04-30,0.002992034
2014-05-01,-1.4328957e-4
2014-05-02,-0.0013484359000000001
2014-05-05,0.0018712282
2014-05-06,-0.0089883804
2014-05-07,0.0056164265000000005
2014-05-08,-0.0013736486
2014-05-09,0.0015194416
2014-05-12,0.009672761
2014-05-13,4.2176247e-4
2014-05-14,-0.0047010183
2014-05-15,-0.0093618035
2014-05-16,0.0037469864000000005
2014-05-19,0.003844738
2014-05-20,-0.0064983964
2014-05-21,0.008116126
2014-05-22,0.0023622513
2014-05-23,0.0042483807
2014-05-26,0
2014-05-27,0.0059877634
2014-05-28,-0.0011140704
2014-05-29,0.005367159999999999
2014-05-30,0.0018436909000000001
2014-06-02,7.277727e-4
2014-06-03,-3.7920475e-4
2014-06-04,0.001891613
2014-06-05,0.006525278
2014-06-06,0.0046277046
2014-06-09,9.387731600000001e-4
2014-06-10,-2.4598837e-4
2014-06-11,-0.0035370588
2014-06-12,-0.0070888996
2014-06-13,0.0031346083
2014-06-16,8.367299999999999e-4
2014-06-17,0.0021725893
2014-06-18,0.007718921
2014-06-19,0.0012774467
2014-06-20,0.0017300844000000001
2014-06-23,-1.3244152e-4
2014-06-24,-0.006435334700000001
2014-06-25,0.0048974752
2014-06-26,-0.0011788607
2014-06-27,0.0019109249000000001
2014-06-30,-3.72231e-4
2014-07-01,0.006677747
2014-07-02,6.5886974e-4
2014-07-03,0.005479454999999999
2014-07-04,0
2014-07-07,-0.0039235353
2014-07-08,-0.0070487857
2014-07-09,0.0046442747
2014-07-10,-0.0041310787
2014-07-11,0.0014709234
2014-07-14,0.0048435926
2014-07-15,-0.0019320846
2014-07-16,0.0042010546
2014-07-17,-0.011834025
2014-07-18,0.010264993
2014-07-21,-0.00232023
2014-07-22,0.005016207700000001
2014-07-23,0.0017544031
2014-07-24,4.8816204e-4
2014-07-25,-0.004849136
2014-07-28,2.8812885e-4
2014-07-29,-0.0045278072
2014-07-30,6.0915947000000006e-5
2014-07-31,-0.019999266
2014-08-01,-0.0028591156
2014-08-04,0.0071890354
2014-08-05,-0.009685457
2014-08-06,1.5616416999999998e-5
2014-08-07,-0.005556643
2014-08-08,0.011531353
2014-08-11,0.0027594565999999997
2014-08-12,-0.0016366243
2014-08-13,0.0067071915
2014-08-14,0.0043457747
2014-08-15,-6.1392784e-5
2014-08-18,0.0085316896
2014-08-19,0.0050007105
2014-08-20,0.0024777651
2014-08-21,0.002949834
2014-08-22,-0.0019925833
2014-08-25,0.0047878027
2014-08-26,0.0010510683
2014-08-27,4.994869e-5
2014-08-28,-0.0016899109
2014-08-29,0.0033204556
2014-09-01,0
2014-09-02,-5.440712e-4
2014-09-03,-7.791518999999999e-4
2014-09-04,-0.0015344024
2014-09-05,0.005035876999999999
2014-09-08,-0.0030730963
2014-09-09,-0.006545007
2014-09-10,0.003646016
2014-09-11,8.819103000000001e-4
2014-09-12,-0.0059625506
2014-09-15,-7.101297400000001e-4
2014-09-16,0.007484317000000001
2014-09-17,0.0012956857999999998
2014-09-18,0.004891157199999999
2014-09-19,-4.772544e-4
2014-09-22,-0.008013308
2014-09-23,-0.0057765245
2014-09-24,0.007832527
2014-09-25,-0.016168773
2014-09-26,0.008575797
2014-09-29,-0.0025467873
2014-09-30,-0.0027859210000000002
2014-10-01,-0.013248563
2014-10-02,5.1259995e-6
2014-10-03,0.0111655
2014-10-06,-0.0015651583999999998
2014-10-07,-0.01512605
2014-10-08,0.017461658
2014-10-09,-0.020661414
2014-10-10,-0.011451006
2014-10-13,-0.016467929
2014-10-14,0.0015788078
2014-10-15,-0.008100330999999999
2014-10-16,1.449585e-4
2014-10-17,0.012884139999999999
2014-10-20,0.009142637
2014-10-21,0.019574523
2014-10-22,-0.0072993039999999995
2014-10-23,0.012303352
2014-10-24,0.0070534945
2014-10-27,-0.0015015602
2014-10-28,0.011939049
2014-10-29,-0.0013853312000000001
2014-10-30,0.006230116
2014-10-31,0.011731386
2014-11-03,-1.1891126999999999e-4
2014-11-04,-0.0028298497
2014-11-05,0.0057004690000000005
2014-11-06,0.0037754774000000003
2014-11-07,3.4964085e-4
2014-11-10,0.003120184
2014-11-11,6.966591e-4
2014-11-12,-7.011294e-4
2014-11-13,5.298853e-4
2014-11-14,2.4032593000000002e-4
2014-11-17,7.354020999999999e-4
2014-11-18,0.0051339865
2014-11-19,-0.0015011430000000001
2014-11-20,0.0019670725
2014-11-21,0.005236864
2014-11-24,0.0028640032
2014-11-25,-0.001150012
2014-11-26,0.0028059483
2014-11-27,0
2014-11-28,-0.0025424360000000003
2014-12-01,-0.006829381
2014-12-02,0.006384492
2014-12-03,0.0037647486000000003
2014-12-04,-0.00116187334
2014-12-05,0.0016652346
2014-12-08,-0.0072565675
2014-12-09,-2.3782253e-4
2014-12-10,-0.016350985
2014-12-11,0.004535675
2014-12-12,-0.016213596
2014-12-15,-0.00634259
2014-12-16,-0.008489013
2014-12-17,0.020352364
2014-12-18,0.024015188
2014-12-19,0.004570007300000001
2014-12-22,0.0038104057
2014-12-23,0.0017464161
2014-12-24,-1.3929605499999999e-4
2014-12-25,0
2014-12-26,0.0033096075
2014-12-29,8.6176395e-4
2014-12-30,-0.0048885942
2014-12-31,-0.010310828999999999
2015-01-01,0
2015-01-02,-3.3998489999999997e-4
2015-01-05,-0.018278122
2015-01-06,-0.008893489999999999
2015-01-07,0.011629819999999999
2015-01-08,0.017888308
2015-01-09,-0.0084038377
2015-01-12,-0.008093715
2015-01-13,-0.0025785565
2015-01-14,-0.005813062
2015-01-15,-0.009247899
2015-01-16,0.013424157999999999
2015-01-19,0
2015-01-20,0.0015499592000000001
2015-01-21,0.004731655
2015-01-22,0.015269756
2015-01-23,-0.005491495
2015-01-26,0.0025684834
2015-01-27,-0.013387859
2015-01-28,-0.013495624
2015-01-29,0.0095347166
2015-01-30,-0.012991965000000001
2015-02-02,0.01296246
2015-02-03,0.014439463999999999
2015-02-04,-0.004156053
2015-02-05,0.010291456999999999
2015-02-06,-0.0034181476
2015-02-09,-0.0042471886
2015-02-10,0.01067555
2015-02-11,-2.9027462e-5
2015-02-12,0.0096445084
2015-02-13,0.0040746927
2015-02-16,0
2015-02-17,0.0015975237
2015-02-18,-3.1429529999999997e-4
2015-02-19,-0.00106203556
2015-02-20,0.006126523
2015-02-23,-3.0332804e-4
2015-02-24,0.0027587414
2015-02-25,-7.657409e-4
2015-02-26,-0.0014760493999999998
2015-02-27,-0.0029563308
2015-03-02,0.006124973000000001
2015-03-03,-0.004538536
2015-03-04,-0.0043885111999999995
2015-03-05,0.0011960268
2015-03-06,-0.014173925
2015-03-09,0.003944397
2015-03-10,-0.016961336
2015-03-11,-0.0019176602000000001
2015-03-12,0.012601495
2015-03-13,-0.0060747266
2015-03-16,0.013533710999999999
2015-03-17,-0.0033201575
2015-03-18,0.012158394
2015-03-19,-0.0048725605
2015-03-20,0.009012698999999999
2015-03-23,-0.0017457604
2015-03-24,-0.0061393976
2015-03-25,-0.014558911
2015-03-26,-0.0023775099999999998
2015-03-27,0.0023685693999999998
2015-03-30,0.012236595
2015-03-31,-0.008795798
2015-04-01,-0.0039653778
2015-04-02,0.003529668
2015-04-03,0
2015-04-06,0.006608844
2015-04-07,-0.0020619035
2015-04-08,0.0026825665999999997
2015-04-09,0.0044574738
2015-04-10,0.005202889400000001
2015-04-13,-0.0045812726
2015-04-14,0.0016297102
2015-04-15,0.0051481724
2015-04-16,-7.7843666e-4
2015-04-17,-0.011311233
2015-04-20,0.0092351437
2015-04-21,-0.0014805794
2015-04-22,0.005087495
2015-04-23,0.0023577213
2015-04-24,0.0022528172
2015-04-27,-0.0041413307
2015-04-28,0.0027692318
2015-04-29,-0.0037403107000000004
2015-04-30,-0.010128915
2015-05-01,0.010923028
2015-05-04,0.0029407739999999997
2015-05-05,-0.011837363
2015-05-06,-0.0044557452
2015-05-07,0.0037738084999999998
2015-05-08,0.013457894
2015-05-11,-0.005089580999999999
2015-05-12,-0.002949655
2015-05-13,-3.0493736e-4
2015-05-14,0.010779262000000001
2015-05-15,7.684231e-4
2015-05-18,0.003047943
2015-05-19,-6.433725e-4
2015-05-20,-9.304881e-4
2015-05-21,0.0023379326000000002
2015-05-22,-0.0022338629
2015-05-25,0
2015-05-26,-0.01028198
2015-05-27,0.0091626644
2015-05-28,-0.0012667775000000001
2015-05-29,-0.00631845
2015-06-01,0.0020594597000000003
2015-06-02,-0.0010085702000000002
2015-06-03,0.0021188259000000003
2015-06-04,-0.008623183
2015-06-05,-0.0014361739
2015-06-08,-0.006474495
2015-06-09,4.183054e-4
2015-06-10,0.012042403
2015-06-11,0.0017386675
2015-06-12,-0.006994307
2015-06-15,-0.0046225786
2015-06-16,0.0056898594
2015-06-17,0.0019795895
2015-06-18,0.0099027157
2015-06-19,-0.005303502
2015-06-22,0.006094813300000001
2015-06-23,6.358623500000001e-4
2015-06-24,-0.0073533059999999996
2015-06-25,-0.0029735565
2015-06-26,-3.9005280000000005e-4
2015-06-29,-0.020866215
2015-06-30,0.0026584864000000004
2015-07-01,0.0069360733
2015-07-02,-3.080368e-4
2015-07-03,0
2015-07-06,-0.003861785
2015-07-07,0.006080985
2015-07-08,-0.016652763
2015-07-09,0.0022622347
2015-07-10,0.012338519
2015-07-13,0.011066079
2015-07-14,0.0044531822
2015-07-15,-7.349849e-4
2015-07-16,0.008014679
2015-07-17,0.001106143
2015-07-20,7.712840999999999e-4
2015-07-21,-0.0042616725
2015-07-22,-0.0023877025
2015-07-23,-0.005676031000000001
2015-07-24,-0.010703325
2015-07-27,-0.0057750344
2015-07-28,0.012386203
2015-07-29,0.007318854299999999
2015-07-30,2.837181e-5
2015-07-31,-0.002271533
2015-08-03,-0.0027568936
2015-08-04,-0.0022497177
2015-08-05,0.0031147003000000003
2015-08-06,-0.0077530146
2015-08-07,-0.0028749108
2015-08-10,0.012808204
2015-08-11,-0.009557128
2015-08-12,9.500980400000001e-4
2015-08-13,-0.0012752414
2015-08-14,0.0039119720000000005
2015-08-17,0.0052114725
2015-08-18,-0.002625525
2015-08-19,-0.008254885699999999
2015-08-20,-0.021100162999999998
2015-08-21,-0.031850994
2015-08-24,-0.03941369
2015-08-25,-0.013521969
2015-08-26,0.03903389
2015-08-27,0.024297713999999998
2015-08-28,6.0868263e-4
2015-08-31,-0.0083916783
2015-09-01,-0.02957642
2015-09-02,0.018293023
2015-09-03,0.001164794
2015-09-04,-0.015329599000000001
2015-09-07,0
2015-09-08,0.025083065
2015-09-09,-0.013897538000000001
2015-09-10,0.005277990999999999
2015-09-11,0.0044870377
2015-09-14,-0.0040896535
2015-09-15,0.01283133
2015-09-16,0.008705377600000001
2015-09-17,-0.0025610328
2015-09-18,-0.016164183999999998
2015-09-21,0.004565835
2015-09-22,-0.012318431999999999
2015-09-23,-0.0020486712000000002
2015-09-24,-0.0033630133000000003
2015-09-25,-4.6581030000000004e-4
2015-09-28,-0.025666118
2015-09-29,0.0012328625
2015-09-30,0.019075513
2015-10-01,0.0019738674
2015-10-02,0.014315248000000001
2015-10-05,0.018289804
2015-10-06,-0.0035882592000000004
2015-10-07,0.00803566
2015-10-08,0.008818388
2015-10-09,7.251501000000001e-4
2015-10-12,0.0012754202
2015-10-13,-0.006825447
2015-10-14,-0.004716277
2015-10-15,0.014852761999999999
2015-10-16,0.0045704842
2015-10-19,2.7060509e-4
2015-10-20,-0.001421094
2015-10-21,-0.005825400400000001
2015-10-22,0.01662755
2015-10-23,0.011030316
2015-10-26,-0.0019131303
2015-10-27,-0.0025541186
2015-10-28,0.011839986
2015-10-29,-4.4977665e-4
2015-10-30,-0.0048098564
2015-11-02,0.011873841000000001
2015-11-03,0.0027281045999999996
2015-11-04,-0.003545344
2015-11-05,-0.0011321306
2015-11-06,-3.4761430000000004e-4
2015-11-09,-0.009822726
2015-11-10,0.0015106200999999999
2015-11-11,-0.0032280684
2015-11-12,-0.013990401999999999
2015-11-13,-0.011207342
2015-11-16,0.014903307
2015-11-17,-0.001339376
2015-11-18,0.016162395
2015-11-19,-0.0011231302999999998
2015-11-20,0.0038101673000000003
2015-11-23,-0.001234889
2015-11-24,0.0012220144
2015-11-25,-1.2910366e-4
2015-11-26,0
2015-11-27,5.936622600000001e-4
2015-11-30,-0.004640996499999999
2015-12-01,0.010680556
2015-12-02,-0.010995686
2015-12-03,-0.014373541
2015-12-04,0.020525693999999997
2015-12-07,-0.006989479
2015-12-08,-0.006489873
2015-12-09,-0.007739007500000001
2015-12-10,0.0022513866
2015-12-11,-0.01942277
2015-12-14,0.0047556162
2015-12-15,0.010618567
2015-12-16,0.014514922999999999
2015-12-17,-0.015040517
2015-12-18,-0.017797232
2015-12-21,0.007778406
2015-12-22,0.008816718999999999
2015-12-23,0.012418032
2015-12-24,-0.0015986562000000002
2015-12-25,0
2015-12-28,-0.0021785498
2015-12-29,0.010629773
2015-12-30,-0.0072172284
2015-12-31,-0.009411931
2016-01-01,0
2016-01-04,-0.015303731000000001
2016-01-05,0.0020122528000000002
2016-01-06,-0.013115406000000001
2016-01-07,-0.023700416
2016-01-08,-0.010838388999999999
2016-01-11,8.533001e-4
2016-01-12,0.007802844
2016-01-13,-0.024965465
2016-01-14,0.016695857
2016-01-15,-0.021599114
2016-01-18,0
2016-01-19,5.317926399999999e-4
2016-01-20,-0.011693835
2016-01-21,0.005195379
2016-01-22,0.020283699999999998
2016-01-25,-0.015637994
2016-01-26,0.014144301
2016-01-27,-0.010863483
2016-01-28,0.005528569
2016-01-29,0.024760246
2016-02-01,-4.4322014e-4
2016-02-02,-0.018743098
2016-02-03,0.0049920082
2016-02-04,0.0015267134
2016-02-05,-0.018481255000000002
2016-02-08,-0.014153957
2016-02-09,-6.636381e-4
2016-02-10,-1.8894672e-4
2016-02-11,-0.012301146999999998
2016-02-12,0.019518017999999998
2016-02-15,0
2016-02-16,0.016516685
2016-02-17,0.016480446
2016-02-18,-0.0046657324
2016-02-19,-2.6047230000000002e-5
2016-02-22,0.014454245999999999
2016-02-23,-0.01245439
2016-02-24,0.0044398308
2016-02-25,0.011348248
2016-02-26,-0.0018700957000000002
2016-02-29,-0.008120954
2016-03-01,0.023868800000000003
2016-03-02,0.0040943623
2016-03-03,0.0034987926000000003
2016-03-04,0.003305912
2016-03-07,8.850098e-4
2016-03-08,-0.011240125
2016-03-09,0.0050524473
2016-03-10,1.5580654e-4
2016-03-11,0.01639545
2016-03-14,-0.0012609959
2016-03-15,-0.0018369555
2016-03-16,0.005600333
2016-03-17,0.006595254
2016-03-18,0.0044056177
2016-03-21,9.856224e-4
2016-03-22,-8.773804e-4
2016-03-23,-0.0063860416
2016-03-24,-3.7807226e-4
2016-03-25,0
2016-03-28,5.452632999999999e-4
2016-03-29,0.0088166
2016-03-30,0.0043503046
2016-03-31,-0.0020397304999999998
2016-04-01,0.006330967
2016-04-04,-0.0032083392
2016-04-05,-0.010144472
2016-04-06,0.010507584
2016-04-07,-0.011975765000000001
2016-04-08,0.0027866364
2016-04-11,-0.002739787
2016-04-12,0.0096621513
2016-04-13,0.010040164
2016-04-14,1.7297268000000002e-4
2016-04-15,-9.843111000000001e-4
2016-04-18,0.006541014
2016-04-19,0.0030845404
2016-04-20,7.6150894e-4
2016-04-21,-0.0051940084
2016-04-22,4.7802925e-5
2016-04-25,-0.0018120407999999998
2016-04-26,0.0018727779999999999
2016-04-27,0.0016493796999999999
2016-04-28,-0.0092307925
2016-04-29,-0.0050631166000000005
2016-05-02,0.0078099966
2016-05-03,-0.008676648
2016-05-04,-0.005936861
2016-05-05,-2.3901463000000002e-4
2016-05-06,0.0031746626
2016-05-09,7.535219e-4
2016-05-10,0.012483596999999999
2016-05-11,-0.0095615387
2016-05-12,-1.69456e-4
2016-05-13,-0.008478284
2016-05-16,0.0097966194
2016-05-17,-0.0094112754
2016-05-18,2.0515919e-4
2016-05-19,-0.0037066936
2016-05-20,0.006019473
2016-05-23,-0.0020854473
2016-05-24,0.013681411999999999
2016-05-25,0.006974696999999999
2016-05-26,-2.10464e-4
2016-05-27,0.0042868853
2016-05-30,0
2016-05-31,-0.0010005236000000001
2016-06-01,0.0011302233
2016-06-02,0.002824664
2016-06-03,-0.0029118060000000003
2016-06-06,0.0048972367999999995
2016-06-07,0.0012894869000000002
2016-06-08,0.0033096075
2016-06-09,-0.0017177463000000001
2016-06-10,-0.0091751814
2016-06-13,-0.0081151724
2016-06-14,-0.0017988682
2016-06-15,-0.0018407106000000002
2016-06-16,0.0031329393
2016-06-17,-0.00325799
2016-06-20,0.005808234
2016-06-21,0.0027120113
2016-06-22,-0.0016515851000000002
2016-06-23,0.013364077
2016-06-24,-0.035919785
2016-06-27,-0.018096506999999998
2016-06-28,0.017770170999999998
2016-06-29,0.017032623
2016-06-30,0.013565062999999999
2016-07-01,0.001948595
2016-07-04,0
2016-07-05,-0.006847501000000001
2016-07-06,0.005352974
2016-07-07,-8.715987e-4
2016-07-08,0.015253305
2016-07-11,0.0034086704
2016-07-12,0.007009268
2016-07-13,1.3482571e-4
2016-07-14,0.005259156
2016-07-15,-9.289384000000001e-4
2016-07-18,0.0023822784
2016-07-19,-0.0014351606
2016-07-20,0.0042703152
2016-07-21,-0.0036125183
2016-07-22,0.004553914
2016-07-25,-0.0030114649999999996
2016-07-26,3.2281876e-4
2016-07-27,-0.0011985302
2016-07-28,0.001606226
2016-07-29,0.0016312599
2016-08-01,-0.0012697576999999999
2016-08-02,-0.006361604
2016-08-03,0.003133893
2016-08-04,2.1255016000000003e-4
2016-08-05,0.0086034536
2016-08-08,-9.071827e-4
2016-08-09,3.8981438e-4
2016-08-10,-0.0028646588000000002
2016-08-11,0.0047346354
2016-08-12,-7.9602e-4
2016-08-15,0.0027929544
2016-08-16,-0.005479097400000001
2016-08-17,0.0018686056000000002
2016-08-18,0.0021996498
2016-08-19,-0.0014402866
2016-08-22,-5.633235000000001e-4
2016-08-23,0.0019518137
2016-08-24,-0.005240261600000001
2016-08-25,-0.0013652444
2016-08-26,-0.0015788078
2016-08-29,0.0052280426
2016-08-30,-0.0019536614
2016-08-31,-0.0023758410999999997
2016-09-01,-4.1365623000000005e-5
2016-09-02,0.0042010546
2016-09-05,0
2016-09-06,0.0029816628
2016-09-07,-1.4638900999999998e-4
2016-09-08,-0.0022230148
2016-09-09,-0.024522066
2016-09-12,0.014677048
2016-09-13,-0.014830649
2016-09-14,-5.877018e-4
2016-09-15,0.010109304999999999
2016-09-16,-0.0037723184
2016-09-19,-1.8596648999999998e-5
2016-09-20,2.990961e-4
2016-09-21,0.010917187
2016-09-22,0.0064997673
2016-09-23,-0.005736768
2016-09-26,-0.008587777599999999
2016-09-27,0.006444216
2016-09-28,0.005296588
2016-09-29,-0.0093213916
2016-09-30,0.007967949
2016-10-03,-0.003260672
2016-10-04,-0.0049555898
2016-10-05,0.0042966604
2016-10-06,4.8160553e-4
2016-10-07,-0.00325346
2016-10-10,0.0046058893
2016-10-11,-0.012446463000000001
2016-10-12,0.00114655495
2016-10-13,-0.0030992627
2016-10-14,2.015829e-4
2016-10-17,-0.0030379889999999996
2016-10-18,0.0061603785
2016-10-19,0.0021920204
2016-10-20,-0.0013757348
2016-10-21,-8.416176e-5
2016-10-24,0.004749894
2016-10-25,-0.00379771
2016-10-26,-0.001740396
2016-10-27,-0.002986729
2016-10-28,-0.0031083226000000004
2016-10-31,-1.2224913e-4
2016-11-01,-0.0067868830000000005
2016-11-02,-0.0065255165
2016-11-03,-0.00442338
2016-11-04,-0.0016661286
2016-11-07,0.022223592
2016-11-08,0.0037720203
2016-11-09,0.011077046
2016-11-10,0.0019507408000000001
2016-11-11,-0.0013979673
2016-11-14,-1.155138e-4
2016-11-15,0.0074807405
2016-11-16,-0.0015822649
2016-11-17,0.004676342
2016-11-18,-0.0023868084
2016-11-21,0.007461428599999999
2016-11-22,0.0021654367
2016-11-23,8.080006000000001e-4
2016-11-24,0
2016-11-25,0.0039143562
2016-11-28,-0.005254507
2016-11-29,0.0013352633
2016-11-30,-0.00265342
2016-12-01,-0.0035155416
2016-12-02,3.9696693e-4
2016-12-05,0.005821347
2016-12-06,0.0034109353999999996
2016-12-07,0.013163209
2016-12-08,0.002159357
2016-12-09,0.005939007
2016-12-12,-0.0011374354000000001
2016-12-13,0.0065398216
2016-12-14,-0.008117199
2016-12-15,0.0038832425999999996
2016-12-16,-0.0017506479999999998
2016-12-19,0.0019751787
2016-12-20,0.0036375522999999997
2016-12-21,-0.0024573803
2016-12-22,-0.0018630028000000002
2016-12-23,0.0012516975
2016-12-26,0
2016-12-27,0.0022484064000000002
2016-12-28,-0.0083565116
2016-12-29,-2.9331446e-4
2016-12-30,-0.0046370625
2017-01-02,0
2017-01-03,0.0084866285
2017-01-04,0.0057222843
2017-01-05,-7.7068806e-4
2017-01-06,0.0035169125000000002
2017-01-09,-0.003548622
2017-01-10,0
2017-01-11,0.002829671
2017-01-12,-0.0021448135
2017-01-13,0.0018498898
2017-01-16,0
2017-01-17,-0.0029674768
2017-01-18,0.0017637014
2017-01-19,-0.0036092997
2017-01-20,0.0033662320000000003
2017-01-23,-0.0026901364
2017-01-24,0.006564617
2017-01-25,0.008026123
2017-01-26,-7.354020999999999e-4
2017-01-27,-8.664727e-4
2017-01-30,-0.006009519
2017-01-31,-8.8989735e-4
2017-02-01,2.9838085e-4
2017-02-02,5.7029724e-4
2017-02-03,0.0072647333
2017-02-06,-0.0021153688
2017-02-07,2.2685528e-4
2017-02-08,6.933212e-4
2017-02-09,0.005752563499999999
2017-02-10,0.0035660267
2017-02-13,0.005245805
2017-02-14,0.0040073395
2017-02-15,0.0049923658
2017-02-16,-8.640885e-4
2017-02-17,0.001678586
2017-02-20,0
2017-02-21,0.0060480833
2017-02-22,-0.0010821819
2017-02-23,4.1902065000000004e-4
2017-02-24,0.0014933347999999999
2017-02-27,0.0010179281
2017-02-28,-0.0025783777000000004
2017-03-01,0.013673902
2017-03-02,-0.005859852
2017-03-03,5.0389767e-4
2017-03-06,-0.0032772422
2017-03-07,-0.0029133557999999997
2017-03-08,-0.0022842288
2017-03-09,7.998943e-4
2017-03-10,0.0032687187
2017-03-13,3.6668777e-4
2017-03-14,-0.003379047
2017-03-15,0.00837481
2017-03-16,-0.00162673
2017-03-17,-0.001314342
2017-03-20,-0.0020098686
2017-03-21,-0.012407959
2017-03-22,0.0018899441
2017-03-23,-0.0010602474
2017-03-24,-8.440018000000001e-4
2017-03-27,-0.00101959705
2017-03-28,0.0072515010000000005
2017-03-29,0.0010852814
2017-03-30,0.002935052
2017-03-31,-0.0022550225
2017-04-03,-0.001642108
2017-04-04,5.595684e-4
2017-04-05,-0.0030548573
2017-04-06,0.0019295216000000002
2017-04-07,-8.271336599999999e-4
2017-04-10,6.877184000000001e-4
2017-04-11,-0.001433909
2017-04-12,-0.0037599802
2017-04-13,-0.006814718
2017-04-14,0
2017-04-17,0.008613348
2017-04-18,-0.002903402
2017-04-19,-0.0017163754000000002
2017-04-20,0.007557273
2017-04-21,-0.0030350685
2017-04-24,0.010840058
2017-04-25,0.006090641
2017-04-26,-4.8571825e-4
2017-04-27,5.528927e-4
2017-04-28,-0.0019131303
2017-05-01,0.0017323494000000001
2017-05-02,0.00118899345
2017-05-03,-0.0012713669999999998
2017-05-04,5.820989599999999e-4
2017-05-05,0.0040886402
2017-05-08,3.7431716999999996e-5
2017-05-09,-0.0010252595
2017-05-10,0.0011305809
2017-05-11,-0.0021628141
2017-05-12,-0.0014784336000000001
2017-05-15,0.004776477800000001
2017-05-16,-6.868839e-4
2017-05-17,-0.018178225
2017-05-18,0.0036867857
2017-05-19,0.0067675114000000005
2017-05-22,0.005160093300000001
2017-05-23,0.0018378496
2017-05-24,0.00248909
2017-05-25,0.0044419765
2017-05-26,3.105402e-4
2017-05-29,0
2017-05-30,-0.0012046099
2017-05-31,-4.5996903999999996e-4
2017-06-01,0.007571101
2017-06-02,0.0037077664999999997
2017-06-05,-0.0012176633
2017-06-06,-0.0027790666000000004
2017-06-07,0.0015681981999999999
2017-06-08,2.6714802e-4
2017-06-09,-8.299947e-4
2017-06-12,-9.787679e-4
2017-06-13,0.0045114756
2017-06-14,-9.958148e-4
2017-06-15,-0.0022395849
2017-06-16,2.835989e-4
2017-06-19,0.008347272999999999
2017-06-20,-0.0066966414
2017-06-21,-5.826354e-4
2017-06-22,-4.5579670000000003e-4
2017-06-23,0.0015609264
2017-06-26,3.1578540000000004e-4
2017-06-27,-0.008072853
2017-06-28,0.008808017
2017-06-29,-0.0085999966
2017-06-30,0.0015332699
2017-07-03,0.0023108721
2017-07-04,0
2017-07-05,0.0014532803999999999
2017-07-06,-0.009368837
2017-07-07,0.0064030886
2017-07-10,9.278059e-4
2017-07-11,-7.826685999999999e-4
2017-07-12,0.007305622
2017-07-13,0.0018745660999999999
2017-07-14,0.004673481
2017-07-17,-5.2928925e-5
2017-07-18,5.978346e-4
2017-07-19,0.0053726435
2017-07-20,-1.5366077e-4
2017-07-21,-3.6787987e-4
2017-07-24,-0.0010637641
2017-07-25,0.002923131
2017-07-26,2.8264523e-4
2017-07-27,-9.726882e-4
2017-07-28,-0.0013411044999999998
2017-07-31,-7.2813034e-4
2017-08-01,0.0024491549
2017-08-02,4.92692e-4
2017-08-03,-0.0021836758
2017-08-04,0.0018891096
2017-08-07,0.001647234
2017-08-08,-0.0024144052999999998
2017-08-09,-3.6358833e-4
2017-08-10,-0.014474452
2017-08-11,0.0012755394000000001
2017-08-14,0.01004374
2017-08-15,-4.9883127e-4
2017-08-16,0.0014201403000000002
2017-08-17,-0.015436947000000001
2017-08-18,-0.0018353462000000001
2017-08-21,0.0011626482000000001
2017-08-22,0.0099407434
2017-08-23,-0.0034536123
2017-08-24,-0.00207448
2017-08-25,0.001672864
2017-08-28,4.8708915999999997e-4
2017-08-29,8.428096999999999e-4
2017-08-30,0.0046151876
2017-08-31,0.005720973000000001
2017-09-01,0.0019825697000000002
2017-09-04,0
2017-09-05,-0.0075508356
2017-09-06,0.003128767
2017-09-07,-1.784563e-4
2017-09-08,-0.0014888644
2017-09-11,0.010839343
2017-09-12,0.003363967
2017-09-13,7.570982e-4
2017-09-14,-0.001100719
2017-09-15,0.001847148
2017-09-18,0.0014559030000000001
2017-09-19,0.0011101961
2017-09-20,6.343126e-4
2017-09-21,-0.0030459166
2017-09-22,6.477833e-4
2017-09-25,-0.0022220612
2017-09-26,7.212162e-5
2017-09-27,0.004085183
2017-09-28,0.0012046099
2017-09-29,0.003705144
2017-10-02,0.0038739443
2017-10-03,0.0021588802000000002
2017-10-04,0.00124669075
2017-10-05,0.005646824999999999
2017-10-06,-0.0010736585
2017-10-09,-0.0018044114
2017-10-10,0.0023224354
2017-10-11,0.0018035172999999998
2017-10-12,-0.0016867518
2017-10-13,8.780956e-4
2017-10-16,0.0017507076
2017-10-17,6.725788e-4
2017-10-18,7.4231625e-4
2017-10-19,3.2794476000000004e-4
2017-10-20,0.0051168203
2017-10-23,-0.0039724708
2017-10-24,0.0016179085
2017-10-25,-0.0046630502
2017-10-26,0.0012708902
2017-10-27,0.008072972000000001
2017-10-30,-0.0031924844000000003
2017-10-31,9.444951999999999e-4
2017-11-01,0.0015921593
2017-11-02,1.9001959999999997e-4
2017-11-03,0.0030970573
2017-11-06,0.0012712479
2017-11-07,-1.8912554e-4
2017-11-08,0.0014436245
2017-11-09,-0.0037618876
2017-11-10,-8.9764595e-4
2017-11-13,9.8359585e-4
2017-11-14,-0.0023096204
2017-11-15,-0.0055256486
2017-11-16,0.0081961155
2017-11-17,-0.0026259422
2017-11-20,0.0012756586
2017-11-21,0.006541133
2017-11-22,-7.502437000000001e-4
2017-11-23,0
2017-11-24,0.0020561218
2017-11-27,-3.8427114e-4
2017-11-28,0.0098484755
2017-11-29,-3.6925077e-4
2017-11-30,0.0081909895
2017-12-01,-0.0020245314
2017-12-04,-0.0010521412
2017-12-05,-0.003739357
2017-12-06,-1.1408329e-4
2017-12-07,0.00293231
2017-12-08,0.005506277
2017-12-11,0.0032019615000000003
2017-12-12,0.0015488863
2017-12-13,-4.7296286e-4
2017-12-14,-0.004070878
2017-12-15,0.008974314
2017-12-18,0.005362749
2017-12-19,-0.0032302737
2017-12-20,-8.279085e-4
2017-12-21,0.0019856691000000003
2017-12-22,-4.5818089999999996e-4
2017-12-25,0
2017-12-26,-0.0010583997
2017-12-27,7.909536e-4
2017-12-28,0.0018340349
2017-12-29,-0.0051831603000000006
2018-01-01,0
2018-01-02,0.008303404
2018-01-03,0.006398797
2018-01-04,0.004028678
2018-01-05,0.0070338250000000005
2018-01-08,0.0016623735000000001
2018-01-09,0.0013029575
2018-01-10,-0.0011122227
2018-01-11,0.007033706
2018-01-12,0.0067496299999999995
2018-01-15,0
2018-01-16,-0.0035244823
2018-01-17,0.0094150305
2018-01-18,-0.0016164184
2018-01-19,0.004385233
2018-01-22,0.0080667734
2018-01-23,0.0021743774
2018-01-24,-5.5998564e-4
2018-01-25,6.0260296e-4
2018-01-26,0.011841178
2018-01-29,-0.006731987
2018-01-30,-0.010898829
2018-01-31,4.889965000000001e-4
2018-02-01,-6.480813000000001e-4
2018-02-02,-0.021208525
2018-02-05,-0.040979204
2018-02-06,0.017440914999999998
2018-02-07,-0.0050016046
2018-02-08,-0.037536442
2018-02-09,0.014936089999999999
2018-02-12,0.013914585
2018-02-13,0.0026129483999999996
2018-02-14,0.013402461999999999
2018-02-15,0.012069106000000001
2018-02-16,3.7348270000000004e-4
2018-02-19,0
2018-02-20,-0.0058413744
2018-02-21,-0.0054965019999999995
2018-02-22,9.735823000000001e-4
2018-02-23,0.016028404
2018-02-26,0.011757016
2018-02-27,-0.012706876
2018-02-28,-0.011095762
2018-03-01,-0.01332438
2018-03-02,0.00507164
2018-03-05,0.011031985
2018-03-06,0.0026388168000000003
2018-03-07,-4.838705e-4
2018-03-08,0.0044630766
2018-03-09,0.017378807
2018-03-12,-0.0012739897
2018-03-13,-0.0063635707
2018-03-14,-0.005724549
2018-03-15,-7.819532999999999e-4
2018-03-16,0.0017035007
2018-03-19,-0.014204204
2018-03-20,0.0014817715000000002
2018-03-21,-0.0018439889
2018-03-22,-0.025162876
2018-03-23,-0.020966887
2018-03-26,0.027157307
2018-03-27,-0.017276286999999998
2018-03-28,-0.002916634
2018-03-29,0.013769746000000001
2018-03-30,0
2018-04-02,-0.022337437
2018-04-03,0.012614845999999999
2018-04-04,0.01156652
2018-04-05,0.006862879
2018-04-06,-0.021920264000000002
2018-04-09,0.0033365488
2018-04-10,0.016726971
2018-04-11,-0.005525350599999999
2018-04-12,0.0082507133
2018-04-13,-0.0028866530000000003
2018-04-16,0.008109093000000001
2018-04-17,0.010661483000000001
2018-04-18,8.313656e-4
2018-04-19,-0.005726099
2018-04-20,-0.0085365176
2018-04-23,5.6266785e-5
2018-04-24,-0.013380587
2018-04-25,0.0018370152
2018-04-26,0.010434151000000001
2018-04-27,0.0011136532
2018-04-30,-0.008187472999999999
2018-05-01,0.0025490522
2018-05-02,-0.007205844
2018-05-03,-0.0022536516
2018-05-04,0.012811184
2018-05-07,0.003457904
2018-05-08,-2.6565789999999996e-4
2018-05-09,0.009682178500000001
2018-05-10,0.0093706846
2018-05-11,0.0017075539
2018-05-14,8.8346004e-4
2018-05-15,-0.0068421364
2018-05-16,0.0040605068
2018-05-17,-8.558631e-4
2018-05-18,-0.0026322006999999997
2018-05-21,0.0073868036
2018-05-22,-0.0031357408
2018-05-23,0.003248453
2018-05-24,-0.00202322
2018-05-25,-0.0023572445
2018-05-28,0
2018-05-29,-0.011564195
2018-05-30,0.012695788999999999
2018-05-31,-0.006879568
2018-06-01,0.010849237000000001
2018-06-04,0.0044796467
2018-06-05,7.0261955e-4
2018-06-06,0.008567333
2018-06-07,-7.1418285e-4
2018-06-08,0.003125906
2018-06-11,0.0010687112999999999
2018-06-12,0.0017434358999999999
2018-06-13,-0.004026115
2018-06-14,0.0024715661999999998
2018-06-15,-0.00101709366
2018-06-18,-0.0021261573
2018-06-19,-0.004023373
2018-06-20,0.0017122029999999998
2018-06-21,-0.0063455105
2018-06-22,0.0018619299
2018-06-25,-0.013724685
2018-06-26,0.0022045374
2018-06-27,-0.008604348000000001
2018-06-28,0.0061787367000000004
2018-06-29,7.584095e-4
2018-07-02,0.0030679703000000003
2018-07-03,-0.0049473643
2018-07-04,0
2018-07-05,0.008620858
2018-07-06,0.008481263999999999
2018-07-09,0.008823037
2018-07-10,0.003473282
2018-07-11,-0.007094204400000001
2018-07-12,0.008749008
2018-07-13,0.0010792017
2018-07-16,-0.0010281205
2018-07-17,0.0039737225
2018-07-18,0.0021605492
2018-07-19,-0.00395298
2018-07-20,-9.484291e-4
2018-07-23,0.0018380879999999999
2018-07-24,0.0047808886
2018-07-25,0.009101629
2018-07-26,-0.003032267
2018-07-27,-0.006562233
2018-07-30,-0.0057541730000000004
2018-07-31,0.0048847198
2018-08-01,-0.0010403395
2018-08-02,0.004926443
2018-08-03,0.0046441555
2018-08-06,0.003538251
2018-08-07,0.0028241873000000002
2018-08-08,-2.6237965e-4
2018-08-09,-0.0014416575
2018-08-10,-0.007113874
2018-08-13,-0.0040059686
2018-08-14,0.00638926
2018-08-15,-0.007602155
2018-08-16,0.007919431
2018-08-17,0.0033230781999999998
2018-08-20,0.0024280548
2018-08-21,0.0020685196
2018-08-22,-3.9815903e-4
2018-08-23,-0.0016912817999999998
2018-08-24,0.006198883
2018-08-27,0.0076704024999999995
2018-08-28,2.6929378999999997e-4
2018-08-29,0.005701422699999999
2018-08-30,-0.0044303536
2018-08-31,1.3446808e-4
2018-09-03,0
2018-09-04,-0.0016543268999999999
2018-09-05,-0.0028031467999999997
2018-09-06,-0.0036523341999999998
2018-09-07,-0.0022133589
2018-09-10,0.0018978119
2018-09-11,0.0037398338
2018-09-12,3.566742e-4
2018-09-13,0.005282283
2018-09-14,2.7549267e-4
2018-09-17,-0.005569696400000001
2018-09-18,0.005369067
2018-09-19,0.0012532473
2018-09-20,0.0078406334
2018-09-21,-3.6853552e-4
2018-09-24,-0.0035156608
2018-09-25,-0.0013051033
2018-09-26,-0.0032892823
2018-09-27,0.0027632713
2018-09-28,-6.854534e-6
2018-10-01,0.0036411284999999997
2018-10-02,-3.966689e-4
2018-10-03,7.1156025e-4
2018-10-04,-0.008169472
2018-10-05,-0.005527973
2018-10-08,-3.951192e-4
2018-10-09,-0.0014178753
2018-10-10,-0.032864213
2018-10-11,-0.02057302
2018-10-12,0.014206171
2018-10-15,-0.0059049726
2018-10-16,0.02149558
2018-10-17,-2.5266409e-4
2018-10-18,-0.014391899
2018-10-19,-3.6114454e-4
2018-10-22,-0.0042995214
2018-10-23,-0.0055118203
2018-10-24,-0.030864417999999998
2018-10-25,0.018625021
2018-10-26,-0.017327249
2018-10-29,-0.0065596104
2018-10-30,0.015666723
2018-10-31,0.010851383000000001
2018-11-01,0.01055789
2018-11-02,-0.006316662
2018-11-05,0.005600333
2018-11-06,0.006259322
2018-11-07,0.021208882
2018-11-08,-0.0025089382999999997
2018-11-09,-0.009199022999999999
2018-11-12,-0.019701481
2018-11-13,-0.0014818907
2018-11-14,-0.007567405699999999
2018-11-15,0.010593772
2018-11-16,0.0022232533
2018-11-19,-0.016643107
2018-11-20,-0.018151224
2018-11-21,0.003043294
2018-11-22,0
2018-11-23,-0.006554842
2018-11-26,0.015532374
2018-11-27,0.0032616854
2018-11-28,0.022974014
2018-11-29,-0.0021976829
2018-11-30,0.008185506
2018-12-03,0.010941385999999999
2018-12-04,-0.032364905
2018-12-05,0
2018-12-06,-0.0015222430000000002
2018-12-07,-0.023320138
2018-12-10,0.0017621517
2018-12-11,-3.5631656999999997e-4
2018-12-12,0.005419493
2018-12-13,-1.9991398e-4
2018-12-14,-0.019086719000000002
2018-12-17,-0.020773470000000002
2018-12-18,8.642673499999999e-5
2018-12-19,-0.015395701
2018-12-20,-0.015772104
2018-12-21,-0.02058822
2018-12-24,-0.027112246
2018-12-25,0
2018-12-26,0.049593687
2018-12-27,0.008562684000000001
2018-12-28,-0.00124156475
2018-12-31,0.00849247
2019-01-01,0
2019-01-02,0.001268506
2019-01-03,-0.02475673
2019-01-04,0.034335732
2019-01-07,0.00701046
2019-01-08,0.0096952915
2019-01-09,0.0040980577
2019-01-10,0.0045183897
2019-01-11,-1.462698e-4
2019-01-14,-0.0052575470000000004
2019-01-15,0.010721684
2019-01-16,0.002221942
2019-01-17,0.007591367
2019-01-18,0.013182998
2019-01-21,0
2019-01-22,-0.014157295
2019-01-23,0.0022028685
2019-01-24,0.0013756751999999999
2019-01-25,0.008488655000000001
2019-01-28,-0.007846832
2019-01-29,-0.0014562607
2019-01-30,0.015549302000000001
2019-01-31,0.008597374
2019-02-01,8.985996e-4
2019-02-04,0.0067762136
2019-02-05,0.0047084093
2019-02-06,-0.0022244453
2019-02-07,-0.0093571544
2019-02-08,6.761551e-4
2019-02-11,7.0905685e-4
2019-02-12,0.012890219999999999
2019-02-13,0.003023982
2019-02-14,-0.0026516318
2019-02-15,0.010878801
2019-02-18,0
2019-02-19,0.0014986991999999999
2019-02-20,0.0017770529
2019-02-21,-0.0035264491999999997
2019-02-22,0.0064110756
2019-02-25,0.0012319088
2019-02-26,-7.904768e-4
2019-02-27,-5.440712e-4
2019-02-28,-0.0028254986
2019-03-01,0.006895304
2019-03-04,-0.0038805604
2019-03-05,-0.0011315346
2019-03-06,-0.006524086
2019-03-07,-0.0081257224
2019-03-08,-0.0021317005
2019-03-11,0.01466608
2019-03-12,0.0029532910000000002
2019-03-13,0.006949543999999999
2019-03-14,-8.6802244e-4
2019-03-15,0.0049848557
2019-03-18,0.0037059784
2019-03-19,-1.3053417e-4
2019-03-20,-0.0029443501999999997
2019-03-21,0.010852456
2019-03-22,-0.018974483
2019-03-25,-8.38995e-4
2019-03-26,0.0071827173
2019-03-27,-0.0046443343
2019-03-28,0.003589511
2019-03-29,0.006734252
2019-04-01,0.011568545999999999
2019-04-02,1.7404556e-5
2019-04-03,0.0021483898
2019-04-04,0.0020846128
2019-04-05,0.004636407
2019-04-08,0.001047492
2019-04-09,-0.0060675144000000006
2019-04-10,0.003477931
2019-04-11,3.8146973e-5
2019-04-12,0.0066093206
2019-04-15,-6.2936544e-4
2019-04-16,5.093812999999999e-4
2019-04-17,-0.002273798
2019-04-18,0.0015790462
2019-04-19,0
2019-04-22,0.0010119676599999999
2019-04-23,0.008841156999999999
2019-04-24,-0.0021917819999999998
2019-04-25,-3.6895274999999996e-4
2019-04-26,0.0046852827000000005
2019-04-29,0.0010715723000000001
2019-04-30,9.5140934e-4
2019-05-01,-0.0075021386
2019-05-02,-0.0021240115
2019-05-03,0.0096383095
2019-05-06,-0.004471004
2019-05-07,-0.016511678999999998
2019-05-08,-0.0016054511
2019-05-09,-0.003021419
2019-05-10,0.0037202835
2019-05-13,-0.024130582999999997
2019-05-14,0.008015989999999999
2019-05-15,0.00583899
2019-05-16,0.008895278
2019-05-17,-0.0058373209999999995
2019-05-20,-0.0067493916
2019-05-21,0.0084958076
2019-05-22,-0.0028244257
2019-05-23,-0.011914134
2019-05-24,0.0013535022999999998
2019-05-27,0
2019-05-28,-0.008375704000000001
2019-05-29,-0.0069119334
2019-05-30,0.0020984411
2019-05-31,-0.013195395
2019-06-03,-0.0027652383000000003
2019-06-04,0.0214324
2019-06-05,0.008161902399999999
2019-06-06,0.006135583
2019-06-07,0.010497689
2019-06-10,0.0046600103
2019-06-11,-3.4987926000000003e-4
2019-06-12,-0.0020375848
2019-06-13,0.0040973425
2019-06-14,-0.0016115308
2019-06-17,9.317398000000001e-4
2019-06-18,0.009717344999999999
2019-06-19,0.0029851198
2019-06-20,0.009472132
2019-06-21,-0.0012592076999999998
2019-06-24,-0.0017318726000000002
2019-06-25,-0.009496391
2019-06-26,-0.0012339353599999999
2019-06-27,0.003823161
2019-06-28,0.005757451
2019-07-01,0.00767231
2019-07-02,0.0029281378
2019-07-03,0.007672429
2019-07-04,0
2019-07-05,-0.0018059015000000001
2019-07-08,-0.0048354268
2019-07-09,0.00123655796
2019-07-10,0.004510641
2019-07-11,0.0022852421
2019-07-12,0.0046201944
2019-07-15,1.7583370000000002e-4
2019-07-16,-0.0034037827999999996
2019-07-17,-0.0065312386
2019-07-18,0.0035820007
2019-07-19,-0.006176709999999999
2019-07-22,0.0028287171999999998
2019-07-23,0.006847501000000001
2019-07-24,0.0046881436999999995
2019-07-25,-0.0052623750000000006
2019-07-26,0.007387637999999999
2019-07-29,-0.0016161202999999999
2019-07-30,-0.0025786756999999997
2019-07-31,-0.010885537
2019-08-01,-0.008998811
2019-08-02,-0.007282734
2019-08-05,-0.029777825
2019-08-06,0.013017058
2019-08-07,7.668733599999999e-4
2019-08-08,0.01876235
2019-08-09,-0.006616592399999999
2019-08-12,-0.011957526000000001
2019-08-13,0.014762044
2019-08-14,-0.029292762
2019-08-15,0.0024642944
2019-08-16,0.014426112
2019-08-19,0.012105823
2019-08-20,-0.007914721999999999
2019-08-21,0.008246779400000001
2019-08-22,-5.0610304e-4
2019-08-23,-0.02594632
2019-08-26,0.01098299
2019-08-27,-0.0032031536
2019-08-28,0.0065454245
2019-08-29,0.012687325000000001
2019-08-30,6.427765e-4
2019-09-02,0
2019-09-03,-0.0068991184
2019-09-04,0.010842085
2019-09-05,0.013009787
2019-09-06,9.106398e-4
2019-09-09,-9.399652499999999e-5
2019-09-10,3.2234192000000003e-4
2019-09-11,0.007229686
2019-09-12,0.0028791428
2019-09-13,-7.2443485e-4
2019-09-16,-0.003135562
2019-09-17,0.0025817156000000003
2019-09-18,3.427267e-4
2019-09-19,2.0027159999999997e-5
2019-09-20,-0.004895568
2019-09-23,-9.691715e-5
2019-09-24,-0.0084163547
2019-09-25,0.0061585903
2019-09-26,-0.0024288893
2019-09-27,-0.005316376699999999
2019-09-30,0.0050475599999999995
2019-10-01,-0.012258351
2019-10-02,-0.017903209
2019-10-03,0.007971882999999999
2019-10-04,0.0142169
2019-10-07,-0.0044782758
2019-10-08,-0.015560806
2019-10-09,0.00910449
2019-10-10,0.006415725
2019-10-11,0.010939002
2019-10-14,-0.0013871193000000001
2019-10-15,0.0099556446
2019-10-16,-0.001999557
2019-10-17,0.0027627945
2019-10-18,-0.003919363
2019-10-21,0.006871581
2019-10-22,-0.0035686493000000002
2019-10-23,0.0028471946999999997
2019-10-24,0.0019204616999999998
2019-10-25,0.0040726662
2019-10-28,0.005581379
2019-10-29,-8.323788999999999e-4
2019-10-30,0.0032533406999999998
2019-10-31,-0.0030228496
2019-11-01,0.0096622705
2019-11-04,0.0037040709999999998
2019-11-05,-0.0011857152
2019-11-06,7.0250034e-4
2019-11-07,0.0027301311
2019-11-08,0.0025607347
2019-11-11,-0.0019624829999999997
2019-11-12,0.0015646219
2019-11-13,7.1156025e-4
2019-11-14,8.370875999999999e-4
2019-11-15,0.0076954365000000005
2019-11-18,5.031824e-4
2019-11-19,-5.925893799999999e-4
2019-11-20,-0.0037561655
2019-11-21,-0.0015827417
2019-11-22,0.0021749735
2019-11-25,0.007507323999999999
2019-11-26,0.0021955967
2019-11-27,0.004174471
2019-11-28,0
2019-11-29,-0.0040112138
2019-12-02,-0.008630991
2019-12-03,-0.0066381097
2019-12-04,0.006323576
2019-12-05,0.0015002489
2019-12-06,0.009135723
2019-12-09,-0.0031628013
2019-12-10,-0.0010969639000000002
2019-12-11,0.0029081106
2019-12-12,0.008575201
2019-12-13,7.2598457e-5
2019-12-16,0.007147789
2019-12-17,3.3533573e-4
2019-12-18,-4.3231249999999997e-4
2019-12-19,0.004459262
2019-12-20,0.0049448013
2019-12-23,8.661747000000001e-4
2019-12-24,-1.9544362999999998e-4
2019-12-25,0
2019-12-26,0.005128145
2019-12-27,3.3974648e-5
2019-12-30,-0.005780815999999999
2019-12-31,0.0029460192000000003
2020-01-01,0
2020-01-02,0.008378744
2020-01-03,-0.007059872
2020-01-06,0.0035333633
2020-01-07,-0.002803266
2020-01-08,0.0049024820000000005
2020-01-09,0.006655216
2020-01-10,-0.0028551817000000003
2020-01-13,0.006976247
2020-01-14,-0.001514554
2020-01-15,0.0018701553000000002
2020-01-16,0.008366585
2020-01-17,0.0038621425999999996
2020-01-20,0
2020-01-21,-0.0026519894999999997
2020-01-22,2.8908252999999996e-4
2020-01-23,0.0011409521
2020-01-24,-0.009042144
2020-01-27,-0.015730739
2020-01-28,0.010053635
2020-01-29,-8.6688995e-4
2020-01-30,0.0031343699000000004
2020-01-31,-0.017705798
2020-02-03,0.0072546005000000005
2020-02-04,0.014980435
2020-02-05,0.011250614999999999
2020-02-06,0.0033257008
2020-02-07,-0.005400836500000001
2020-02-10,0.0073263645
2020-02-11,0.0016884804000000002
2020-02-12,0.006462693
2020-02-13,-0.0016304255000000002
2020-02-14,0.0018435716999999998
2020-02-17,0
2020-02-18,-0.0029199720000000003
2020-02-19,0.0047057867
2020-02-20,-0.0038155317
2020-02-21,-0.010518073999999999
2020-02-24,-0.033513606
2020-02-25,-0.030279994
2020-02-26,-0.0037785172
2020-02-27,-0.044163227
2020-02-28,-0.0082383156
2020-03-02,0.046039224000000004
2020-03-03,-0.028107882
2020-03-04,0.042202590000000005
2020-03-05,-0.033922075999999995
2020-03-06,-0.017053843
2020-03-09,-0.075969696
2020-03-10,0.049396275999999996
2020-03-11,-0.048868419999999996
2020-03-12,-0.09511269
2020-03-13,0.09287129999999999
2020-03-16,-0.11984056000000001
2020-03-17,0.05995488
2020-03-18,-0.05183077
2020-03-19,0.0047078133
2020-03-20,-0.04335952
2020-03-23,-0.029293895
2020-03-24,0.09382771999999999
2020-03-25,0.011535048000000001
2020-03-26,0.062414170000000005
2020-03-27,-0.033687353
2020-03-30,0.03351605
2020-03-31,-0.016012728
2020-04-01,-0.044142427
2020-04-02,0.022829294
2020-04-03,-0.015137136
2020-04-06,0.070331335
2020-04-07,-0.0016030669
2020-04-08,0.034056425
2020-04-09,0.014487386
2020-04-10,0
2020-04-13,-0.010104656
2020-04-14,0.030572534
2020-04-15,-0.022030413000000002
2020-04-16,0.005816698
2020-04-17,0.0267936
2020-04-20,-0.017881036
2020-04-21,-0.030674815
2020-04-22,0.022930264
2020-04-23,-5.3942204e-4
2020-04-24,0.013918041999999999
2020-04-27,0.014714122000000001
2020-04-28,-0.005242407300000001
2020-04-29,0.02658391
2020-04-30,-0.009212434
2020-05-01,-0.028059006
2020-05-04,0.0042498112
2020-05-05,0.009040593999999999
2020-05-06,-0.0069794060000000005
2020-05-07,0.01150465
2020-05-08,0.016871571999999998
2020-05-11,1.7750262999999999e-4
2020-05-12,-0.020543814
2020-05-13,-0.01746273
2020-05-14,0.011524795999999999
2020-05-15,0.0039263964000000005
2020-05-18,0.031501174
2020-05-19,-0.010484397000000001
2020-05-20,0.016651153999999998
2020-05-21,-0.007773578
2020-05-22,0.0023536682000000002
2020-05-25,0
2020-05-26,0.012289166
2020-05-27,0.014827251
2020-05-28,-0.0021079183
2020-05-29,0.0048123598
2020-06-01,0.0037512780000000003
2020-06-02,0.008210778
2020-06-03,0.013648987
2020-06-04,-0.0033686757
2020-06-05,0.02621162
2020-06-08,0.012041569
2020-06-09,-0.0077991486
2020-06-10,-0.005313098400000001
2020-06-11,-0.058944044
2020-06-12,0.013060808
2020-06-15,0.0083122253
2020-06-16,0.018962383
2020-06-17,-0.0036002994
2020-06-18,5.942583e-4
2020-06-19,-0.005649507000000001
2020-06-22,0.006495117999999999
2020-06-23,0.0043073893000000005
2020-06-24,-0.025855123999999997
2020-06-25,0.010959506
2020-06-26,-0.024226904
2020-06-29,0.014685631
2020-06-30,0.015409827000000001
2020-07-01,0.0050221680000000005
2020-07-02,0.004541278
2020-07-03,0
2020-07-06,0.015881777
2020-07-07,-0.010818541
2020-07-08,0.0078275204
2020-07-09,-0.005643606
2020-07-10,0.010466218000000001
2020-07-13,-0.009362519
2020-07-14,0.013406396000000001
2020-07-15,0.009082079
2020-07-16,-0.0034061074000000004
2020-07-17,0.0028486252
2020-07-20,0.008406997000000001
2020-07-21,0.0016790627999999999
2020-07-22,0.00574708
2020-07-23,-0.012319863
2020-07-24,-0.006190419
2020-07-27,0.007395148000000001
2020-07-28,-0.0064733624
2020-07-29,0.012428403
2020-07-30,-0.0037502646
2020-07-31,0.007670522
2020-08-03,0.0071810484
2020-08-04,0.0036119223
2020-08-05,0.0064297915
2020-08-06,0.0064276457
2020-08-07,6.330013e-4
2020-08-10,0.0027421713
2020-08-11,-0.007969140999999999
2020-08-12,0.013996601
2020-08-13,-0.0020471811
2020-08-14,-1.7189980000000002e-4
2020-08-17,0.0027098656
2020-08-18,0.0023033619
2020-08-19,-0.004404366
2020-08-20,0.0031586885
2020-08-21,0.0034410954
2020-08-24,0.01004374
2020-08-25,0.0035963057999999996
2020-08-26,0.010195613
2020-08-27,0.0016731024
2020-08-28,0.0067325829999999994
2020-08-31,-0.002194941
2020-09-01,0.0075249670000000005
2020-09-02,0.015365957999999999
2020-09-03,-0.035125852
2020-09-04,-0.008133053999999999
2020-09-07,0
2020-09-08,-0.027756333
2020-09-09,0.02014494
2020-09-10,-0.017584801
2020-09-11,5.3310394e-4
2020-09-14,0.012741804
2020-09-15,0.005219340300000001
2020-09-16,-0.0046189427
2020-09-17,-0.008412361
2020-09-18,-0.011182606
2020-09-21,-0.011571109
2020-09-22,0.010517955
2020-09-23,-0.023721456999999998
2020-09-24,0.002987504
2020-09-25,0.015976667
2020-09-28,0.01611054
2020-09-29,-0.0048126578
2020-09-30,0.0082536936
2020-10-01,0.0052928925
2020-10-02,-0.009571731
2020-10-05,0.017975569
2020-10-06,-0.013988018
2020-10-07,0.017405748000000002
2020-10-08,0.008007169
2020-10-09,0.008790612
2020-10-12,0.016418695
2020-10-13,-0.006306946
2020-10-14,-0.006623149
2020-10-15,-0.0015277266999999999
2020-10-16,1.3494492e-4
2020-10-19,-0.016329885
2020-10-20,0.0047273636
2020-10-21,-0.0021957159000000003
2020-10-22,0.0052189827
2020-10-23,0.0034457445
2020-10-26,-0.018589497
2020-10-27,-0.0030255914
2020-10-28,-0.035287857
2020-10-29,0.011947274
2020-10-30,-0.012129544999999999
2020-11-02,0.012318253999999999
2020-11-03,0.017798305
2020-11-04,0.022047997
2020-11-05,0.019460201
2020-11-06,-2.8771161999999997e-4
2020-11-09,0.011699915
2020-11-10,-0.0013998151
2020-11-11,0.007651806
2020-11-12,-0.009978533000000001
2020-11-13,0.013610363
2020-11-16,0.011648058999999999
2020-11-17,-0.0047919154
2020-11-18,-0.011563838
2020-11-19,0.0039464235
2020-11-20,-0.0067925453
2020-11-23,0.0056359769999999995
2020-11-24,0.01616168
2020-11-25,-0.0015844106999999999
2020-11-26,0
2020-11-27,0.0023969412
2020-11-30,-0.0045955777
2020-12-01,0.011271238
2020-12-02,0.0017911195999999999
2020-12-03,-6.2417984e-4
2020-12-04,0.0088362694
2020-12-07,-0.0019356608
2020-12-08,0.0027871132
2020-12-09,-0.0079491735
2020-12-10,-0.0012851357
2020-12-11,-0.0012649894000000001
2020-12-14,-0.0043592453
2020-12-15,0.012921214
2020-12-16,0.0017727613
2020-12-17,0.0057576895
2020-12-18,-0.0035111308
2020-12-21,-0.00390625
2020-12-22,-0.0020731090999999997
2020-12-23,7.457733e-4
2020-12-24,0.003536582
2020-12-25,0
2020-12-28,0.008722544
2020-12-29,-0.002227366
2020-12-30,0.0013415812999999998
2020-12-31,0.0064388514
2021-01-01,0
2021-01-04,-0.014754832
2021-01-05,0.007082581500000001
2021-01-06,0.0057098866
2021-01-07,0.014847398000000001
2021-01-08,0.005491853
2021-01-11,-0.006554723
2021-01-12,4.15802e-4
2021-01-13,0.0022755861
2021-01-14,-0.0037534237
2021-01-15,-0.0071900487
2021-01-18,0
2021-01-19,0.0081363916
2021-01-20,0.013935566
2021-01-21,3.167391e-4
2021-01-22,-0.0030106306
2021-01-25,0.0036158562
2021-01-26,-0.0014888048
2021-01-27,-0.02567786
2021-01-28,0.009760618
2021-01-29,-0.019311488
2021-02-01,0.016051769
2021-02-02,0.013898253000000001
2021-02-03,0.001008749
2021-02-04,0.01085329
2021-02-05,0.0038975476999999997
2021-02-08,0.0073993206
2021-02-09,-0.001113534
2021-02-10,-3.451705e-4
2021-02-11,0.0016624928
2021-02-12,0.004711032
2021-02-15,0
2021-02-16,-5.6928396e-4
2021-02-17,-3.2037497e-4
2021-02-18,-0.00441581
2021-02-19,-0.0018548965000000001
2021-02-22,-0.007732868
2021-02-23,0.0012563467
2021-02-24,0.011351584999999999
2021-02-25,-0.024478793
2021-02-26,-0.0047501922
2021-03-01,0.023790717
2021-03-02,-0.00808084
2021-03-03,-0.013066232
2021-03-04,-0.013417184
2021-03-05,0.019495963999999998
2021-03-08,-0.0053592324
2021-03-09,0.014154673
2021-03-10,0.006030321
2021-03-11,0.010395527
2021-03-12,0.0010154247
2021-03-15,0.0064918995
2021-03-16,-0.0015696883
2021-03-17,0.0028793812000000004
2021-03-18,-0.014760553999999999
2021-03-19,-6.027221700000001e-4
2021-03-22,0.0070251226
2021-03-23,-0.007630825
2021-03-24,-0.005467355
2021-03-25,0.005240321
2021-03-26,0.016631246
2021-03-29,-8.6802244e-4
2021-03-30,-0.003157854
2021-03-31,0.003622532
2021-04-01,0.011825204
2021-04-02,0
2021-04-05,0.014438272
2021-04-06,-9.735227e-4
2021-04-07,0.001475215
2021-04-08,0.004220605
2021-04-09,0.0077199936
2021-04-12,-1.9609928e-4
2021-04-13,0.003294468
2021-04-14,-0.004087746
2021-04-15,0.011094212999999999
2021-04-16,0.0036088228
2021-04-19,-0.005306542
2021-04-20,-0.0068023204999999995
2021-04-21,0.009306073
2021-04-22,-0.009210646
2021-04-23,0.010928750000000001
2021-04-26,0.0017822981
2021-04-27,-2.1487474e-4
2021-04-28,-8.455515e-4
2021-04-29,0.006762862
2021-04-30,-0.007194698
2021-05-03,0.0027481318
2021-05-04,-0.006678343
2021-05-05,7.034540000000001e-4
2021-05-06,0.008165479
2021-05-07,0.007373332999999999
2021-05-10,-0.010435641
2021-05-11,-0.0086739063
2021-05-12,-0.021449387
2021-05-13,0.012173176
2021-05-14,0.014917970000000001
2021-05-17,-0.0025300383999999998
2021-05-18,-0.0085172653
2021-05-19,-0.0029433966000000002
2021-05-20,0.010554790000000001
2021-05-21,-7.838607000000001e-4
2021-05-24,0.009911299
2021-05-25,-0.0021252631999999997
2021-05-26,0.0018768309999999998
2021-05-27,0.0011652708
2021-05-28,7.688999000000001e-4
2021-05-31,0
2021-06-01,-4.9233437e-4
2021-06-02,0.0014469624000000001
2021-06-03,-0.0036287308
2021-06-04,0.0088341236
2021-06-07,-7.967353e-4
2021-06-08,1.7499924e-4
2021-06-09,-0.0018238425
2021-06-10,0.0046522617
2021-06-11,0.0019484758
2021-06-14,0.0018151998999999999
2021-06-15,-0.0020117164000000003
2021-06-16,-0.0053901076
2021-06-17,-4.3570995e-4
2021-06-18,-0.013124466
2021-06-21,0.014002323
2021-06-22,0.00512445
2021-06-23,-0.0010832548
2021-06-24,0.0058112144
2021-06-25,0.0033305883
2021-06-28,0.0023149252
2021-06-29,2.772808e-4
2021-06-30,0.0013281107
2021-07-01,0.0052216052999999995
2021-07-02,0.0075000525
2021-07-05,0
2021-07-06,-0.0020218492
2021-07-07,0.0033589602000000003
2021-07-08,-0.008561015
2021-07-09,0.011277914
2021-07-12,0.003451228
2021-07-13,-0.0035167933
2021-07-14,0.0011649132
2021-07-15,-0.0032622218
2021-07-16,-0.007538855
2021-07-19,-0.015869498
2021-07-20,0.015162587
2021-07-21,0.0082417727
2021-07-22,0.0020166636
2021-07-23,0.010145425999999999
2021-07-26,0.0023821592
2021-07-27,-0.0047124624
2021-07-28,-1.8626451e-4
2021-07-29,0.0042061806000000005
2021-07-30,-0.005406022
2021-08-02,-0.0018427968000000001
2021-08-03,0.008203387
2021-08-04,-0.0046324134
2021-08-05,0.0060054064
2021-08-06,0.0016752480999999999
2021-08-09,-9.3990564e-4
2021-08-10,9.926557499999999e-4
2021-08-11,0.0024681091
2021-08-12,0.0029520987999999996
2021-08-13,0.0016072989
2021-08-16,0.0026208162000000003
2021-08-17,-0.007060706599999999
2021-08-18,-0.010748446
2021-08-19,0.0012567043
2021-08-20,0.0081415176
2021-08-23,0.008523822
2021-08-24,0.0014957190000000002
2021-08-25,0.0022201538
2021-08-26,-0.0058249235
2021-08-27,0.008807659
2021-08-30,0.0043065548
2021-08-31,-0.0013490915000000001
2021-09-01,3.117323e-4
2021-09-02,0.0028426646999999998
2021-09-03,-3.350377e-4
2021-09-06,0
2021-09-07,-0.0033955574
2021-09-08,-0.001318574
2021-09-09,-0.0046055913
2021-09-10,-0.0077225566
2021-09-13,0.0022765398
2021-09-14,-0.0057466626
2021-09-15,0.0084739923
2021-09-16,-0.0015511512999999998
2021-09-17,-0.009110868
2021-09-20,-0.016977310000000002
2021-09-21,-8.123516999999999e-4
2021-09-22,0.009519577
2021-09-23,0.012134671
2021-09-24,0.001461029
2021-09-27,-0.0027763844
2021-09-28,-0.020364106
2021-09-29,0.0015693903
2021-09-30,-0.011909962000000001
2021-10-01,0.011491537000000001
2021-10-04,-0.012985884999999999
2021-10-05,0.010524511
2021-10-06,0.004102826
2021-10-07,0.008298278
2021-10-08,-0.0019137262999999998
2021-10-11,-0.00686574
2021-10-12,-0.0024167895
2021-10-13,0.0030225515
2021-10-14,0.017063141
2021-10-15,0.0074602365
2021-10-18,0.0033748149999999998
2021-10-19,0.00739336
2021-10-20,0.0036640167
2021-10-21,0.0029958487
2021-10-22,-0.001072526
2021-10-25,0.0047482252
2021-10-26,0.0018198490000000001
2021-10-27,-0.005051552999999999
2021-10-28,0.009829283
2021-10-29,0.0019493103
2021-11-01,0.0018000603000000001
2021-11-02,0.0036803483999999997
2021-11-03,0.006461263
2021-11-04,0.004181981
2021-11-05,0.0037328005
2021-11-08,8.877516000000001e-4
2021-11-09,-0.0034987926000000003
2021-11-10,-0.0082257986
2021-11-11,5.5098534e-4
2021-11-12,0.0072226524000000005
2021-11-15,-1.0728836e-5
2021-11-16,0.0038652419999999996
2021-11-17,-0.0026016234999999997
2021-11-18,0.0033848286
2021-11-19,-0.0013986826
2021-11-22,-0.0031971335
2021-11-23,0.0016571283
2021-11-24,0.0022938251000000002
2021-11-25,0
2021-11-26,-0.022724807
2021-11-29,0.013200164
2021-11-30,-0.01896131
2021-12-01,-0.01181519
2021-12-02,0.014194489
2021-12-03,-0.008448541
2021-12-06,0.011730909000000001
2021-12-07,0.02070713
2021-12-08,0.0030852555999999996
2021-12-09,-0.007181108
2021-12-10,0.009549022
2021-12-13,-0.0091361403
2021-12-14,-0.0074706673999999995
2021-12-15,0.016348480999999998
2021-12-16,-0.0087434053
2021-12-17,-0.010287702000000001
2021-12-20,-0.011388062999999999
2021-12-21,0.01777792
2021-12-22,0.010180235
2021-12-23,0.0062236786
2021-12-24,0
2021-12-27,0.013838887
2021-12-28,-0.0010101795
2021-12-29,0.0014019012
2021-12-30,-0.0029897689999999998
2021-12-31,-0.0026261806
2022-01-03,0.0063740015
2022-01-04,-6.296039e-4
2022-01-05,-0.019392729
2022-01-06,-9.637475e-4
2022-01-07,-0.0040501952
2022-01-10,-0.0014410018999999998
2022-01-11,0.009160042
2022-01-12,0.00281775
2022-01-13,-0.014243603
2022-01-14,8.199215e-4
2022-01-17,0
2022-01-18,-0.018387973
2022-01-19,-0.0096895695
2022-01-20,-0.01103735
2022-01-21,-0.018914819
2022-01-24,0.0027717352
2022-01-25,-0.012171924
2022-01-26,-0.001496613
2022-01-27,-0.0053840876
2022-01-28,0.024347663000000002
2022-01-31,0.018885970000000002
2022-02-01,0.006862998
2022-02-02,0.0094225407
2022-02-03,-0.024391055000000002
2022-02-04,0.0051568747
2022-02-07,-0.0037016870000000004
2022-02-08,0.0084011555
2022-02-09,0.014517188
2022-02-10,-0.018115699
2022-02-11,-0.018969476
2022-02-14,-0.0038406253
2022-02-15,0.015766739999999998
2022-02-16,8.811951e-4
2022-02-17,-0.02117312
2022-02-18,-0.007166147
2022-02-21,0
2022-02-22,-0.010142922
2022-02-23,-0.018412113
2022-02-24,0.014956832
2022-02-25,0.022372722999999997
2022-02-28,-0.0024425983
2022-03-01,-0.015473485
2022-03-02,0.018642664
2022-03-03,-0.005254686
2022-03-04,-0.007934034
2022-03-07,-0.029518187
2022-03-08,-0.007233739
2022-03-09,0.025698303999999998
2022-03-10,-0.0042918324
2022-03-11,-0.012961566
2022-03-14,-0.007421016700000001
2022-03-15,0.021408558
2022-03-16,0.02238381
2022-03-17,0.012347817
2022-03-18,0.011662245
2022-03-21,-4.3463706999999997e-4
2022-03-22,0.01130414
2022-03-23,-0.012272716
2022-03-24,0.014343858000000001
2022-03-25,0.005066156400000001
2022-03-28,0.007144928
2022-03-29,0.012256503
2022-03-30,-0.006293714000000001
2022-03-31,-0.015652537
2022-04-01,0.00341022
2022-04-04,0.008090973
2022-04-05,-0.012551725
2022-04-06,-0.009716928
2022-04-07,0.0042533875
2022-04-08,-0.0026510358
2022-04-11,-0.016877294
2022-04-12,-0.0034174323000000003
2022-04-13,0.01117456
2022-04-14,-0.012144147999999999
2022-04-15,0
2022-04-18,-2.0486116e-4
2022-04-19,0.01605761
2022-04-20,-6.184578e-4
2022-04-21,-0.014752924
2022-04-22,-0.027740060999999996
2022-04-25,0.0056979656
2022-04-26,-0.028146327000000002
2022-04-27,0.0020980835
2022-04-28,0.024746895
2022-04-29,-0.036284506
2022-05-02,0.0056751966
2022-05-03,0.0048371553
2022-05-04,0.029862404
2022-05-05,-0.035649717
2022-05-06,-0.005674243
2022-05-09,-0.032037079999999996
2022-05-10,0.0024578571
2022-05-11,-0.01646322
2022-05-12,-0.0012959838000000002
2022-05-13,0.023869753
2022-05-16,-0.0039464235
2022-05-17,0.020169616
2022-05-18,-0.04039526
2022-05-19,-0.0058338046
2022-05-20,1.4615059e-4
2022-05-23,0.018555045
2022-05-24,-0.008120775
2022-05-25,0.009450792999999999
2022-05-26,0.019883275
2022-05-27,0.024742246
2022-05-30,0
2022-05-31,-0.006274342499999999
2022-06-01,-0.007482767
2022-06-02,0.018431067000000002
2022-06-03,-0.016347289
2022-06-06,0.0031373499999999997
2022-06-07,0.009523392
2022-06-08,-0.010793924
2022-06-09,-0.023798704
2022-06-10,-0.029110312
2022-06-13,-0.03876841
2022-06-14,-0.0037736893
2022-06-15,0.014592528
2022-06-16,-0.03251195
2022-06-17,0.0022008419
2022-06-20,0
2022-06-21,0.024477243
2022-06-22,-0.0013015866000000002
2022-06-23,0.009532213000000001
2022-06-24,0.030563235
2022-06-27,-0.0029730797
2022-06-28,-0.020143032
2022-06-29,-7.117391000000001e-4
2022-06-30,-0.00875926
2022-07-01,0.010553837
2022-07-04,0
2022-07-05,0.0015841722
2022-07-06,0.0035731792
2022-07-07,0.01496458
2022-07-08,-8.302927000000001e-4
2022-07-11,-0.011527479
2022-07-12,-0.0092439055
2022-07-13,-0.0044568776999999995
2022-07-14,-0.00299865
2022-07-15,0.019201279
2022-07-18,-0.008363545
2022-07-19,0.027628303
2022-07-20,0.0058958529999999995
2022-07-21,0.00986135
2022-07-22,-0.009332478
2022-07-25,0.0013151169
2022-07-26,-0.011543214
2022-07-27,0.026156305999999997
2022-07-28,0.01213336
2022-07-29,0.014207721
2022-08-01,-0.0028230548
2022-08-02,-0.0066623690000000005
2022-08-03,0.015638471
2022-08-04,-7.773637999999999e-4
2022-08-05,-0.0016257167
2022-08-08,-0.00123757124
2022-08-09,-0.0042486786999999995
2022-08-10,0.02129066
2022-08-11,-7.054806e-4
2022-08-12,0.017322420999999998
2022-08-15,0.00396955
2022-08-16,0.0018756390000000001
2022-08-17,-0.007237792
2022-08-18,0.0022695065
2022-08-19,-0.012899995
2022-08-22,-0.021400093999999998
2022-08-23,-0.0022378564
2022-08-24,0.0029162169
2022-08-25,0.014091610999999999
2022-08-26,-0.033688068
2022-08-29,-0.006666362
2022-08-30,-0.011028169999999999
2022-08-31,-0.00781703
2022-09-01,0.0029962063
2022-09-02,-0.010736524999999999
2022-09-05,0
2022-09-06,-0.0040950775
2022-09-07,0.018341064
2022-09-08,0.006610751000000001
2022-09-09,0.015271425
2022-09-12,0.010584234999999999
2022-09-13,-0.04323661300000001
2022-09-14,0.0033869743
2022-09-15,-0.01131773
2022-09-16,-0.0071821210000000005
2022-09-19,0.006857157
2022-09-20,-0.011272131999999999
2022-09-21,-0.017116487
2022-09-22,-0.0084275603
2022-09-23,-0.017232597000000002
2022-09-26,-0.010340512
2022-09-27,-0.0021203756
2022-09-28,0.019672155
2022-09-29,-0.02112645
2022-09-30,-0.015066683
